id|title|description|image|location|type|skillLevel|startDate|endDate|registrationDeadline|duration|activityDetails|cost|website|travelTime|googleMapLink|lgbtqFriendly|tags|lastUpdated|matchingId
dt1|Algonquin Park Day Trip|Nature and wildlife exploration|https://source.unsplash.com/random/?algonquin|Algonquin Provincial Park|Nature & Wildlife|All levels|2025-06-01|2025-09-30|Not required|Full day|Hiking trails, wildlife viewing, canoeing opportunities|Park entry fee (~$21/vehicle/day)|https://www.algonquinpark.on.ca|~3 hours driving|https://goo.gl/maps/algonquin|No (General event)|Nature,Wildlife,Hiking|2025-05-29T00:00:00Z|dt1_match_dt1_102991
dt2|Bruce Peninsula National Park Visit|Hiking & swimming in turquoise waters|https://source.unsplash.com/random/?brucepeninsula|Bruce Peninsula National Park, Tobermory, ON|Outdoor Adventure|All levels|2025-08-02|2025-08-02|Not required|Full day|Hiking & swimming in turquoise waters|Gas, park fees, meals|https://parks.canada.ca/pn-np/on/bruce|~3-3.5 hours driving|https://maps.app.goo.gl/F6A2V5H8C1J3K7L9|No (General event)|Hiking,Swimming,National Park|2025-05-29T00:00:00Z|dt13_match_dt2_103226
dt3|Rattlesnake Point Labour Day Hike|Labour Day hiking adventure|https://source.unsplash.com/random/?hiking,escarpment|Rattlesnake Point Conservation Area, 7200 Appleby Line, Milton, ON L9T 2Y1|Outdoor Recreation|All levels|2025-09-01|2025-09-01|Not required|Full day|Scenic escarpment hiking|Park entry fee (~$10-15) plus gas|https://www.conservationhalton.ca/rattlesnake-point|~1 hour driving|https://maps.app.goo.gl/T5U6V7W8X9Y1Z2A3|No (General event)|Hiking,Nature,Holiday|2025-05-29T00:00:00Z|dt24_match_dt3_103666
dt4|Wasaga Beach Visit|Day at the longest freshwater beach|https://source.unsplash.com/random/?beach,wasaga|Wasaga Beach, ON|Beach Day|All levels|2025-07-26|2025-07-26|Not required|Full day|Longest freshwater beach|Free, parking fees may apply|https://www.wasagabeach.com|~1.5-2 hours driving|https://maps.app.goo.gl/C2X4Z7B1F3J5K9L0|No (General event)|Beach,Swimming,Summer|2025-05-29T00:00:00Z|dt35_match_dt4_103818
dt5|Sauble Beach Adventure|Lake Huron beach and dunes|https://source.unsplash.com/random/?beach,dunes|Sauble Beach, ON|Beach & Nature|All levels|2025-06-15|2025-09-15|Not required|Full day|Beach activities, dune exploration, sunset views|Parking fees (~$20/day)|https://www.saublebeach.com|~3.5 hours driving|https://goo.gl/maps/sauble|No (General event)|Beach,Dunes,Sunset|2025-05-29T00:00:00Z|dt45_match_dt5_103923
dt6|Long Point Provincial Park|World Biosphere Reserve beach|https://source.unsplash.com/random/?beach,nature|Long Point Provincial Park, ON|Nature & Beach|All levels|2025-06-15|2025-09-15|Not required|Full day|Beach activities, bird watching, nature trails|Park entry fee (~$21/vehicle)|https://www.ontarioparks.com/park/longpoint|~2.5 hours driving|https://goo.gl/maps/longpoint|No (General event)|Beach,Nature,Wildlife|2025-05-29T00:00:00Z|dt46_match_dt6_103956
dt10|Niagara Wine Country Tour|Wine tasting and exploring charming town|https://source.unsplash.com/random/?winery,niagara|Niagara-on-the-Lake, ON|Wine Tasting & Tourism|All levels|2025-06-14|2025-06-14|Not required|Full day|Wine tasting & exploring charming town|Gas, tastings (~$10-25/winery), meals|https://www.niagaraonthelake.com|~1.5-2 hours driving|https://goo.gl/maps/NOTL|No (General event)|Wine,Tourism,Day Trip|2025-05-29T00:00:00Z|dt2_match_dt10_103022
dt11|Prince Edward County Tour|Wine tasting and beach day|https://source.unsplash.com/random/?princeedward,wine|Picton, ON|Wine & Beach|All levels|2025-08-04|2025-08-04|Not required|Full day|Wineries, beautiful beaches (Sandbanks Provincial Park), and charming small towns|Gas, wine tastings ($10-20/winery), Sandbanks entry (~$20/car), meals|https://www.prince-edward-county.com|~2-2.5 hours driving|https://maps.app.goo.gl/T5U6V7W8X9Y1Z2A3|No (General event)|Wine,Beach,Tourism|2025-05-29T00:00:00Z|dt4_match_dt11_103068
dt12|Blue Mountain Summer Visit|Summer resort activities and adventure|https://source.unsplash.com/random/?bluemountain,summer|Blue Mountain Village, 190 Gord Canning Dr, The Blue Mountains, ON L9Y 0V9|Resort Activities|All levels|2025-08-16|2025-08-16|Not required|Full day|Summer resort activities|Gas, activity fees, meals|https://www.bluemountain.ca|~2-2.5 hours driving|https://maps.app.goo.gl/Q5T7R9W1V3X5Z7Y0|No (General event)|Resort,Summer,Activities|2025-05-29T00:00:00Z|dt5_match_dt12_103087
dt13|Blue Mountain & Scenic Caves Adventure|Mountain resort and cave exploration|https://source.unsplash.com/random/?caves,mountain|Blue Mountain Village, 190 Gord Canning Dr, The Blue Mountains, ON L9Y 0V9|Outdoor Adventure|All levels|2025-09-06|2025-09-06|Not required|Full day|Summer resort activities, hiking, suspension bridge|Gas, Scenic Caves admission (~$30-40 CAD), meals|https://www.sceniccaves.com|~2-2.5 hours driving|https://maps.app.goo.gl/Q5T7R9W1V3X5Z7Y0|No (General event)|Caves,Hiking,Adventure|2025-05-29T00:00:00Z|dt6_match_dt13_103106
dt14|Collingwood Adventure|Mountain biking and spa retreat|https://source.unsplash.com/random/?biking,spa|Collingwood, ON|Adventure & Wellness|All levels|2025-06-01|2025-09-30|Book spa in advance|Full day|Mountain biking trails, Scandinavian spa|Trail fees, spa costs (~$70-90)|https://www.collingwood.ca|~2 hours driving|https://goo.gl/maps/collingwood|No (General event)|Biking,Spa,Adventure|2025-05-29T00:00:00Z|dt7_match_dt14_103128
dt15|Elora Gorge Adventure|Hiking, swimming, and tubing at Elora Gorge|https://source.unsplash.com/random/?gorge,elora|7400 Wellington County Rd 21, Elora, ON N0B 1S0|Outdoor Recreation|All levels|2025-07-19|2025-07-19|Not required|Full day|Hiking, swimming, tubing|Park entry fees may apply|https://www.grandriver.ca/en/recreation/elora-gorge.aspx|~1.5 hours driving|https://maps.app.goo.gl/M9P2R1T4V6X8Z0Y1|No (General event)|Hiking,Swimming,Adventure|2025-05-29T00:00:00Z|dt8_match_dt15_103144
dt16|Crawford Lake Conservation|Reconstructed Iroquoian village|https://source.unsplash.com/random/?village,lake|Crawford Lake Conservation Area, 3115 Conservation Rd, Milton, ON|Historical & Nature|All levels|2025-06-01|2025-10-31|Not required|Full day|Longhouse village, meromictic lake, trails|Entry fee (~$10/person)|https://www.conservationhalton.ca/crawford-lake|~1 hour driving|https://goo.gl/maps/crawford|No (General event)|History,Nature,Indigenous|2025-05-29T00:00:00Z|dt9_match_dt16_103161
dt17|Rockwood Conservation|Limestone cliffs and caves|https://source.unsplash.com/random/?cliffs,caves|Rockwood Conservation Area, 161 Fall St, Rockwood, ON|Nature & Adventure|All levels|2025-04-01|2025-10-31|Not required|Full day|Cave exploration, hiking, mill ruins|Entry fee (~$7/person)|https://www.grandriver.ca/en/recreation/rockwood.aspx|~1.5 hours driving|https://goo.gl/maps/rockwood|No (General event)|Caves,Hiking,History|2025-05-29T00:00:00Z|dt10_match_dt17_103180
dt18|Montreal City Break|Vibrant city exploration|https://source.unsplash.com/random/?montreal,city|Montreal, QC|Urban Exploration|All levels|2025-08-01|2025-08-04|Book accommodation in advance|Multi-day trip|City exploration, culture, nightlife|Accommodation, meals, activities|https://www.mtl.org/en|~5.5-6 hours driving or ~1 hour flying|https://maps.app.goo.gl/9y5H6u6p3F7x7Y4F8|Yes|City,Culture,Nightlife|2025-05-29T00:00:00Z|dt11_match_dt18_103195
dt19|Ottawa Weekend Getaway|Capital city exploration|https://source.unsplash.com/random/?ottawa,parliament|Ottawa, ON|Urban Exploration|All levels|2025-07-01|2025-07-03|Book accommodation in advance|Multi-day trip|Parliament Hill, museums, Rideau Canal|Accommodation, meals, activities|https://www.ottawatourism.ca|~4.5 hours driving|https://goo.gl/maps/ottawa|No (General event)|Capital,Museums,History|2025-05-29T00:00:00Z |dt12_match_dt19_103210
dt733247_niagarafal|Niagara Falls|World-famous waterfalls, boat tours, Clifton Hill attractions, wineries.| |Niagara Falls, Ontario|Natural Attraction/Tourism|All levels|Year-round|Year-round|N/A|1-2 days|View falls, Maid of the Mist/Hornblower, Journey Behind the Falls, casinos, gardens, wineries.|Varies (free to view, attractions cost)|https://www.niagarafallstourism.com/|Approx 1.5-2 hrs|https://goo.gl/maps/NiagaraFallsON| |natural wonder,waterfall,tourism,family,ontario|2025-05-30T21:32:13.247Z|dt14_match_dt733247_niagarafal_103242
dt733247_algonquinp|Algonquin Provincial Park|Vast park with hiking, canoeing, camping, wildlife viewing.| |Southeastern Ontario|Provincial Park/Nature|All levels (varied trail difficulty)|Year-round (limited access/activities in winter)| |Book campsites/permits in advance|1-3+ days|Hiking, canoeing, kayaking, camping, fishing, wildlife photography, visitor centre.|Park permit, camping fees, rental fees.|https://www.ontarioparks.com/park/algonquin|Approx 3-4 hrs|https://goo.gl/maps/AlgonquinPark| |nature,hiking,canoeing,camping,wildlife,ontario parks|2025-05-30T21:32:13.247Z|dt15_match_dt733247_algonquinp_103258
dt733247_princeedwa|Prince Edward County|Island community known for wineries, breweries, beaches, arts, and culinary scene.| |Prince Edward County, Ontario|Region/Tourism|All levels|Year-round (peak May-Oct)| |N/A (book accommodations/tours)|1-3 days|Wine tasting, craft beer, Sandbanks Provincial Park, cycling, art galleries, farm-to-table dining.|Varies|https://www.visitthecounty.com/|Approx 2.5-3 hrs|https://goo.gl/maps/PrinceEdwardCounty| |wine,beaches,foodie,cycling,ontario,weekend trip|2025-05-30T21:32:13.247Z|dt16_match_dt733247_princeedwa_103310
dt733247_tobermoryb|Tobermory & Bruce Peninsula National Park|Clear turquoise waters, Grotto, Fathom Five National Marine Park (shipwrecks), hiking trails.| |Tobermory, Ontario|National Park/Nature|Moderate (Grotto access can be challenging)|May-October (limited in off-season)| |Book Grotto parking/Flowerpot Island ferry in advance|2-3 days|Hiking (Bruce Trail), swimming (cold!), snorkeling/diving, boat tours to Flowerpot Island, visitor centre.|Park entry, ferry, parking fees.|https://www.pc.gc.ca/en/pn-np/on/bruce & https://www.pc.gc.ca/en/amnc-nmca/on/fathomfive|Approx 3.5-4.5 hrs|https://goo.gl/maps/TobermoryON| |nature,hiking,swimming,boating,grotto,shipwrecks,national park|2025-05-30T21:32:13.247Z|dt17_match_dt733247_tobermoryb_103506
dt733248_manitoulin|Manitoulin Island|Largest freshwater island in the world. Indigenous culture, hiking, Dark Sky Preserve.| |Manitoulin Island, Ontario|Island/Nature/Culture|All levels|Year-round (ferry seasonal May-Oct, bridge year-round)| |Book accommodations/ferry in advance|3-5 days|Hiking (Cup and Saucer Trail), beaches, Indigenous cultural experiences, Bridal Veil Falls, Dark Sky Preserve for stargazing.|Varies (ferry, accommodations)|https://www.manitoulintourism.com/|Approx 6-8 hrs (via Chi-Cheemaun Ferry or drive via Sudbury)|https://goo.gl/maps/ManitoulinIsland| |island,nature,hiking,culture,indigenous,stargazing,ontario|2025-05-30T21:32:13.248Z|dt18_match_dt733248_manitoulin_103549
dt733249_muskokalak|Muskoka Lakes (Rosseau, Joseph, Muskoka)|Iconic cottage country with boating, resorts, charming towns (Gravenhurst, Bracebridge, Port Carling).| |Muskoka District Municipality, Ontario|Region/Lakes/Cottage Country|All levels|Year-round (peak summer)| |Book accommodations/boat rentals in advance|1-3+ days|Boating, swimming, fishing, hiking, shopping, steamship cruises (Segwun/Wenonah II), Santa's Village.|Varies|https://www.discovermuskoka.ca/|Approx 2-3 hrs|https://goo.gl/maps/MuskokaLakes| |lakes,cottage country,boating,family,ontario,muskoka|2025-05-30T21:32:13.249Z|dt19_match_dt733249_muskokalak_103582
dt733249_bluemounta|Blue Mountain Resort & Village|Year-round resort with skiing/snowboarding in winter, hiking, biking, gondola, village activities in summer.| |The Blue Mountains, Ontario|Resort/Recreation|All levels|Year-round| |Book accommodations/activities|1-3 days|Skiing, snowboarding, hiking, mountain biking, zip-lining, ropes courses, beach (nearby), shopping, dining.|Varies (lift tickets, activity passes, accommodations)|https://www.bluemountain.ca/|Approx 2-2.5 hrs|https://goo.gl/maps/BlueMountainON| |resort,skiing,hiking,biking,family,ontario,blue mountain|2025-05-30T21:32:13.249Z|dt20_match_dt733249_bluemounta_103602
dt733249_sandbanksp|Sandbanks Provincial Park|Famous for its large freshwater sand dunes and beaches on Lake Ontario.| |Prince Edward County, Ontario|Provincial Park/Beach|All levels|May-October (day use often capacity-limited in summer)| |Book day use vehicle permits in advance during peak season|1-2 days (often part of PEC trip)|Swimming, sunbathing, hiking, birdwatching, camping (book well in advance).|Park permit, camping fees.|https://www.ontarioparks.com/park/sandbanks|Approx 2.5-3 hrs|https://goo.gl/maps/SandbanksPP| |beach,sand dunes,swimming,camping,ontario parks,prince edward county|2025-05-30T21:32:13.249Z|dt21_match_dt733249_sandbanksp_103620
dt733249_thousandis|Thousand Islands National Park & Gananoque|Archipelago of islands in the St. Lawrence River. Boat tours, kayaking, historic castles (Boldt Castle - US side, Singer Castle).| |Mallorytown / Gananoque, Ontario|National Park/Region|All levels|May-October| |Book boat tours/accommodations|1-3 days|Boat cruises through the islands, kayaking, hiking on island trails, visiting Gananoque, Boldt Castle (requires US entry).|Park fees (if landing on islands), boat tour costs.|https://www.pc.gc.ca/en/pn-np/on/1000 & https://www.gananoque.ca/explore-gananoque|Approx 3-3.5 hrs|https://goo.gl/maps/GananoqueON| |islands,boating,castles,nature,national park,st lawrence river|2025-05-30T21:32:13.249Z|dt22_match_dt733249_thousandis_103637
dt733249_eloragorge|Elora Gorge Conservation Area|Scenic gorge with tubing, hiking, splash pad, camping.| |Elora, Ontario|Conservation Area/Nature|All levels (tubing has restrictions)|May-October| |Book tubing/campsites in advance|Day trip or 1-2 days|Tubing down the Grand River, hiking trails along the gorge, swimming (quarry nearby), camping, Elora village.|Park entry, tubing rental, camping fees.|https://www.grandriver.ca/en/outdoor-recreation/Elora-Gorge.aspx|Approx 1.5-2 hrs|https://goo.gl/maps/EloraGorge| |gorge,tubing,hiking,camping,nature,ontario|2025-05-30T21:32:13.249Z|dt23_match_dt733249_eloragorge_103652
dt733249_lakesuperi|Lake Superior Provincial Park|Dramatic coastline on Lake Superior, rugged hiking, pictographs, camping.| |North of Sault Ste. Marie, Ontario|Provincial Park/Nature|Moderate to Difficult trails|May-October| |Book campsites/permits in advance|3-5+ days (long drive)|Hiking (Coastal Trail), canoeing, kayaking, Agawa Rock Pictographs, beaches, camping.|Park permit, camping fees.|https://www.ontarioparks.com/park/lakesuperior|Approx 7-8 hrs (to southern park entrance)|https://goo.gl/maps/LakeSuperiorPP| |nature,hiking,coastal,pictographs,camping,lake superior,ontario parks|2025-05-30T21:32:13.249Z|dt25_match_dt733249_lakesuperi_103680
dt733249_sleepinggi|Sleeping Giant Provincial Park|Peninsula on Lake Superior resembling a sleeping giant. Extensive hiking trails, views, wildlife.| |Near Thunder Bay, Ontario (further than 8hrs, but iconic Ontario attraction)|Provincial Park/Nature|Moderate to Difficult trails|May-October| |Book campsites/permits in advance|4-7+ days (due to travel)|Hiking (Top of the Giant Trail), camping, wildlife viewing, Sea Lion rock formation, visitor centre.|Park permit, camping fees.|https://www.ontarioparks.com/park/sleepinggiant|"Approx 15-16 hrs (Consider if ""similar locations"" allows for iconic but further spots, or stick strictly to 8hr)"|https://goo.gl/maps/SleepingGiantPP| |nature,hiking,wildlife,lake superior,ontario parks (Note: Exceeds 8hr travel)|2025-05-30T21:32:13.249Z|dt26_match_dt733249_sleepinggi_103696
dt733249_killarneyp|Killarney Provincial Park|La Cloche Mountains (white quartzite), sapphire lakes, hiking, canoeing.| |Killarney, Ontario|Provincial Park/Nature|All levels to Difficult (The Crack trail)|Year-round (limited access in winter)| |Book campsites/permits (especially backcountry) far in advance|3-5 days|"Hiking (""The Crack"", Granite Ridge), canoeing, kayaking, camping (front and backcountry), painting/photography (Group of Seven inspiration)."|Park permit, camping fees.|https://www.ontarioparks.com/park/killarney|Approx 4.5-5.5 hrs|https://goo.gl/maps/KillarneyPP| |nature,hiking,canoeing,mountains,lakes,camping,ontario parks|2025-05-30T21:32:13.249Z|dt27_match_dt733249_killarneyp_103710
dt733249_ottawa|Ottawa|Canada's capital city. Parliament Hill, national museums, Rideau Canal, ByWard Market.| |Ottawa, Ontario|City/Culture/History|All levels|Year-round| |N/A (book accommodations/museum tickets)|2-4 days|Visit Parliament Buildings, Canadian Museum of History, National Gallery, War Museum, skate/boat on Rideau Canal, explore ByWard Market.|Varies (many museums have fees)|https://ottawatourism.ca/|Approx 4.5-5 hrs|https://goo.gl/maps/OttawaON| |city trip,capital,museums,history,culture,ottawa,ontario|2025-05-30T21:32:13.249Z|dt28_match_dt733249_ottawa_103724
dt733249_stjacobsfa|St. Jacobs Farmers' Market & Village|Large farmers' market, Mennonite culture, outlet mall, charming village.| |St. Jacobs, Ontario|Market/Culture/Shopping|All levels|Market: Thurs & Sat (Tues in summer). Village: Year-round.| |N/A|Day trip or 1-2 days|Shop at farmers' market (produce, crafts, food), explore St. Jacobs village shops, learn about Mennonite culture, visit outlet mall.|Free entry, cost of purchases.|https://stjacobsmarket.com/|Approx 1.5-2 hrs|https://goo.gl/maps/StJacobsON| |market,farmers market,mennonite,culture,shopping,ontario|2025-05-30T21:32:13.249Z|dt29_match_dt733249_stjacobsfa_103738
dt733249_kawarthala|Kawartha Lakes|Region with numerous lakes, towns (Bobcaygeon, Fenelon Falls), Trent-Severn Waterway, fishing, boating.| |Kawartha Lakes Region, Ontario|Region/Lakes/Cottage Country|All levels|Year-round (peak summer)| |Book accommodations/rentals|1-3+ days|Boating, fishing, swimming, Lock 32 (Bobcaygeon), hiking, cycling, exploring small towns.|Varies|https://www.explorekawarthalakes.com/|Approx 1.5-2.5 hrs (to various points)|https://goo.gl/maps/KawarthaLakes| |lakes,cottage country,boating,fishing,trent severn,ontario|2025-05-30T21:32:13.249Z|dt30_match_dt733249_kawarthala_103756
dt733249_pointpelee|Point Pelee National Park|Southernmost point of mainland Canada, renowned for bird migration, marshes, beach.| |Leamington, Ontario|National Park/Nature|All levels|Year-round| |N/A (can get busy during migration)|1-2 days|Birdwatching (especially spring/fall migration), walking/cycling trails, Marsh Boardwalk, Tip exhibit, swimming.|Park entry fees.|https://www.pc.gc.ca/en/pn-np/on/pelee|Approx 3.5-4 hrs|https://goo.gl/maps/PointPeleeNP| |nature,birdwatching,marsh,beach,national park,southernmost point|2025-05-30T21:32:13.249Z|dt31_match_dt733249_pointpelee_103769
dt733249_wasagabeac|Wasaga Beach Provincial Park|World's longest freshwater beach. Swimming, sunbathing, trails.| |Wasaga Beach, Ontario|Provincial Park/Beach|All levels|May-October (day use)| |Can get very busy, arrive early|Day trip or 1-2 days|Swimming, sunbathing, beach activities, hiking/cycling Nancy Island Historic Site trails.|Park permit.|https://www.ontarioparks.com/park/wasagabeach|Approx 1.5-2 hrs|https://goo.gl/maps/WasagaBeachPP| |beach,swimming,freshwater,ontario parks|2025-05-30T21:32:13.249Z|dt32_match_dt733249_wasagabeac_103781
dt733249_flowerpoti|Flowerpot Island (part of Fathom Five National Marine Park)|"Island accessible by tour boat from Tobermory, known for its ""flowerpot"" rock formations, caves, and hiking trails."| |Near Tobermory, Ontario (in Georgian Bay)|Island/Nature (National Marine Park)|Easy to Moderate trails|May-October (ferry dependent)| |Book ferry tickets in advance (Blue Heron Cruises, Bruce Anchor Cruises)|Half-day to Full-day (including ferry)|Hiking trails to flowerpots and lighthouse, exploring caves, picnicking. No overnight camping on island itself.|Ferry cost + National Park entry if not already covered.|https://www.pc.gc.ca/en/amnc-nmca/on/fathomfive/activ/flowerpot|Approx 3.5-4.5 hrs to Tobermory, then ferry|https://goo.gl/maps/FlowerpotIsland (general area)| |island,nature,hiking,rock formations,tobermory,georgian bay|2025-05-30T21:32:13.249Z|dt33_match_dt733249_flowerpoti_103794
dt733249_bonechopro|Bon Echo Provincial Park|Features Mazinaw Rock with Indigenous pictographs, hiking, camping, canoeing on Mazinaw Lake.| |Cloyne, Ontario|Provincial Park/Nature|All levels to Moderate|May-October| |Book campsites/permits/ferry to Rock well in advance|2-4 days|Hiking (Cliff Top Trail), canoeing/kayaking to see pictographs, camping, swimming, visitor centre.|Park permit, camping fees, ferry tour fee.|https://www.ontarioparks.com/park/bonecho|Approx 3-3.5 hrs|https://goo.gl/maps/BonEchoPP| |nature,hiking,pictographs,canoeing,cliffs,camping,ontario parks|2025-05-30T21:32:13.249Z|dt34_match_dt733249_bonechopro_103807
dt733249_ouimetcany|Ouimet Canyon Provincial Park|Spectacular canyon with panoramic views, boardwalk trail. Day-use park.| |Dorion, Ontario (near Thunder Bay - Note: >8hrs)|Provincial Park/Nature|Easy (boardwalk)|Mid-May to Mid-October| |N/A|Half-day visit (as part of a longer trip to the region)|Walking boardwalk trail along canyon edge, viewing platforms, suspension bridge (nearby private attraction sometimes).|Park permit.|https://www.ontarioparks.com/park/ouimetcanyon|Approx 14-15 hrs (Iconic, but exceeds 8hr travel)|https://goo.gl/maps/OuimetCanyonPP| |nature,canyon,views,boardwalk,ontario parks (Note: Exceeds 8hr travel)|2025-05-30T21:32:13.249Z|dt36_match_dt733249_ouimetcany_103828
dt733249_georgianba|Georgian Bay Islands National Park|Archipelago of islands accessible by boat. Camping, hiking, swimming in Georgian Bay.| |Near Honey Harbour, Ontario (access via boat from Honey Harbour)|National Park/Nature|All levels to Moderate|May-October (boat access dependent)| |Book campsites (Beausoleil Island) and boat taxi/DayTripper service in advance|1-3+ days (DayTripper for day visits)|Hiking, camping (Beausoleil Island), swimming, kayaking, picnicking, visitor centre in Honey Harbour.|Park entry, camping fees, boat taxi/DayTripper cost.|https://www.pc.gc.ca/en/pn-np/on/georg|Approx 1.5-2 hrs to Honey Harbour, then boat|https://goo.gl/maps/BeausoleilIsland (main island)| |islands,nature,hiking,camping,boating,national park,georgian bay|2025-05-30T21:32:13.249Z|dt37_match_dt733249_georgianba_103841
dt733249_lakesimcoe|Lake Simcoe|Large lake popular for fishing (ice fishing in winter), boating, beaches. Towns like Barrie, Orillia, Keswick.| |South-central Ontario|Lake/Region|All levels|Year-round| |N/A (book accommodations/rentals)|Day trip to multi-day|Fishing, boating, swimming, beaches (e.g., Innisfil Beach Park, Sibbald Point PP), ice fishing, exploring lakeside towns.|Varies (free access to some areas, rentals/permits may apply)|https://tourismbarrie.com/ & https://www.orillialakecountry.ca/|Approx 1-1.5 hrs (to various points)|https://goo.gl/maps/LakeSimcoe| |lake,fishing,boating,beaches,ice fishing,ontario|2025-05-30T21:32:13.249Z|dt38_match_dt733249_lakesimcoe_103852
dt733249_saublebeac|Sauble Beach|Long sandy beach on Lake Huron, popular summer destination.| |Sauble Beach, Ontario|Beach Town/Nature|All levels|May-September (peak summer)| |N/A (can get very busy, parking can be an issue)|Day trip or 1-2 days|Swimming, sunbathing, beach volleyball, classic beach town atmosphere, sunsets over Lake Huron.|Parking fees, cost of activities/food.|https://saublebeach.com/|Approx 3-3.5 hrs|https://goo.gl/maps/SaubleBeachON| |beach,swimming,lake huron,summer,ontario|2025-05-30T21:32:13.249Z|dt39_match_dt733249_saublebeac_103862
dt733249_grandbend|Grand Bend|Popular beach town on Lake Huron with a lively main street, beach, Pinery Provincial Park nearby.| |Grand Bend, Ontario|Beach Town/Nature|All levels|May-September (peak summer)| |N/A (book accommodations in advance)|1-3 days|Swimming, sunbathing, Main Street shops and entertainment, Pinery Provincial Park (hiking, camping, beaches).|Parking fees, cost of activities/food, park permit for Pinery.|https://www.grandbend.com/ & https://www.ontarioparks.com/park/pinery|Approx 2.5-3 hrs|https://goo.gl/maps/GrandBendON| |beach,swimming,lake huron,summer,pinery park,ontario|2025-05-30T21:32:13.249Z|dt40_match_dt733249_grandbend_103870
dt733249_hamiltonwa|Hamilton Waterfalls (Webster's Falls, Tew's Falls, Albion Falls, etc.)|Region with over 100 waterfalls due to the Niagara Escarpment. Hiking trails connect many.| |Hamilton, Ontario|Nature/Hiking|Easy to Moderate trails|Year-round (best spring/fall, some access may be restricted seasonally/due to conditions)| |Check Hamilton Conservation Authority website for access/parking reservations for popular falls|Day trip|Hiking, waterfall viewing, photography. Some falls have viewing platforms. Dundas Peak offers great views.|Parking fees at conservation areas, some may require reservations.|https://conservationhamilton.ca/waterfall-guide/|Approx 1-1.5 hrs|https://goo.gl/maps/HamiltonWaterfalls (general area)| |waterfalls,hiking,nature,niagara escarpment,hamilton,ontario|2025-05-30T21:32:13.249Z|dt41_match_dt733249_hamiltonwa_103882
dt733249_temagami|Temagami|Wilderness region with old-growth pine forests, deep lakes, canoeing, and backcountry camping.| |Temagami, Ontario|Wilderness/Nature|Moderate to Advanced (backcountry skills needed for some trips)|May-October (best for canoeing)| |Book outfitters, guides, or permits for backcountry well in advance|3-7+ days|Canoeing, kayaking, backcountry camping, hiking, fishing, visiting Temagami Fire Tower, old-growth forest trails.|Varies (outfitter costs, permits)|https://www.temagami.ca/ & https://www.ontarioparks.com/park/finlaysonpoint (as a base)|Approx 5-6 hrs|https://goo.gl/maps/TemagamiON| |wilderness,canoeing,old growth forest,backcountry,camping,nature,ontario|2025-05-30T21:32:13.249Z|dt42_match_dt733249_temagami_103894
dt733249_pukaskwana|Pukaskwa National Park|Canada's only wilderness national park on the Great Lakes, rugged Lake Superior coastline, hiking, kayaking.| |Near Marathon, Ontario|National Park/Wilderness|Moderate to Strenuous (Coastal Hiking Trail)|May-October| |Book campsites (Hattie Cove) or backcountry permits in advance|4-7+ days (long drive)|Hiking (Coastal Trail, day hikes), kayaking, canoeing, backcountry camping, visitor centre.|Park entry, camping fees.|https://www.pc.gc.ca/en/pn-np/on/pukaskwa|Approx 10-12 hrs (Exceeds 8hr travel, but iconic Ontario wilderness)|https://goo.gl/maps/PukaskwaNP| |wilderness,hiking,coastal,lake superior,national park,ontario (Note: Exceeds 8hr travel)|2025-05-30T21:32:13.249Z|dt43_match_dt733249_pukaskwana_103905
dt733249_mirvishpro|Mirvish Productions - Various Shows|Major commercial theatre producer in Toronto presenting Broadway hits, musicals, and plays.| |Various Mirvish Theatres (Royal Alexandra, Princess of Wales, Ed Mirvish, CAA Theatre)|Theatre|All levels|Year-round (show schedules vary)| |Book tickets in advance|Varies per show (typically 2-3 hrs)|Musicals, plays, dramas, comedies.|Varies per show ($50-$200+)|https://www.mirvish.com/|Varies by theatre (all downtown)| | |theatre,musical,broadway,play,toronto|2025-05-30T21:32:13.249Z|dt44_match_dt733249_mirvishpro_103914
dt733250_thebentway|The Bentway - Summer Programming|Public space under the Gardiner Expressway hosting art installations, performances, markets, and recreational activities.| |The Bentway, 250 Fort York Blvd|Public Space/Arts/Community/Recreation|All levels|Year-round, with specific summer programming (check 2025 schedule)| |Many events free; some ticketed/workshops|Varies per event/activity|Public art, skate trail (in winter, summer activities vary - e.g., markets, music, dance), block parties, workshops.|Many free; some fees for workshops/special events|https://www.thebentway.ca/|Under Gardiner Expressway, near Fort York| | |public art,community space,urban park,summer events,toronto|2025-05-30T21:32:13.250Z|dt3_match_dt733250_thebentway_103067