id|title|description|image|location|eventType|startDate|endDate|registrationDeadline|duration|activityDetails|cost|website|travelTime|googleMapLink|lgbtqFriendly|tags|lastUpdated|subcategory|socialMedia|recurring|venueAccessibility|pronouns|ageRestriction
1|Pride Toronto 2025|Annual celebration of Toronto's LGBTQ+ community with parades, performances, and community events|https://source.unsplash.com/random/?pride,toronto|Church-Wellesley Village|community|2025-06-27|2025-06-29||3 days|Parades, street fairs, performances|Free|https://www.pridetoronto.com|varies|https://goo.gl/maps/church-wellesley|true|pride,festival,community,celebration|2025-07-05T17:07:00-04:00|festival|{"instagram":"pridetoronto","facebook":"PrideToronto","twitter":"PrideToronto"}|false|wheelchair accessible,ASL interpretation|they/them|all-ages
2|Drag Brunch at Glad Day|Weekly drag performances with brunch at Toronto's iconic LGBTQ+ bookstore|https://source.unsplash.com/random/?drag,performance|499 Church St, Toronto|performance|2025-07-06|2026-05-01|Drop-in|2 hours|Drag performances, brunch menu - Sundays 12PM|$25|https://www.gladday.ca|15 mins|https://goo.gl/maps/gladday|true|drag,brunch,performance,bookstore|2025-07-05T17:07:00-04:00|drag|{"instagram":"gladdaybookshop"}|true|wheelchair accessible,gender-neutral facilities|all|19+
3|Queer Dance Party|Monthly dance party celebrating LGBTQ+ music and culture|https://source.unsplash.com/random/?dance,party|120 Church St, Toronto|nightlife|2025-07-05|2026-05-01|Drop-in|4 hours|DJ sets, dance floor, themed nights - First Saturday each month 9PM|$15|https://queerdanceparty.to|20 mins|https://goo.gl/maps/queerdance|true|dance,music,nightlife,party|2025-07-05T17:07:00-04:00|party|{"instagram":"queerdanceTO"}|true|gender-neutral facilities|all|19+
4|Inside Out LGBTQ+ Film Festival|Annual showcase of queer cinema from around the world|https://source.unsplash.com/random/?film,festival|TIFF Bell Lightbox, Toronto|community|2025-10-10|2025-10-20||10 days|Film screenings, Q&As, workshops|$12-25|https://insideout.ca|30 mins|https://goo.gl/maps/tiff|true|film,arts,culture,cinema|2025-07-05T17:07:00-04:00|arts|{"instagram":"insideoutfestival"}|false|wheelchair accessible,ASL interpretation,quiet space|all|varies
5|Rainbow Sports League|Weekly LGBTQ+ inclusive sports meetups|https://source.unsplash.com/random/?sports,team|West End YMCA, Toronto|social|2025-07-03|2026-04-30|Registration required|2 hours|Various sports activities - Thursdays 7PM|$10|https://rainbowsports.to|25 mins|https://goo.gl/maps/ymca|true|sports,social,fitness,community|2025-07-05T17:07:00-04:00|sports|{"instagram":"rainbowsportsTO"}|true|wheelchair accessible|all|18+
6|Trans Support Group - The 519|Weekly support group for trans and non-binary individuals|https://source.unsplash.com/random/?support,trans|519 Church St, Toronto|community|2025-07-02|2026-04-30||1.5 hours|Peer support, resources, community building - Wednesdays 7PM|Free|https://www.the519.org|10 mins|https://goo.gl/maps/the519|true|trans,support,community,resources|2025-07-05T17:07:00-04:00|support|{"instagram":"the519"}|true|wheelchair accessible,gender-neutral facilities|all|18+
7|Lesbian Book Club|Monthly book club focusing on lesbian and queer women's literature|https://source.unsplash.com/random/?books,lesbian|Glad Day Bookshop, 499 Church St|social|2025-07-15|2026-04-15||2 hours|Book discussions, author readings - Third Tuesday each month 7PM|$5|https://www.gladday.ca|15 mins|https://goo.gl/maps/gladday|true|lesbian,books,literature,social|2025-07-05T17:07:00-04:00|social|{"instagram":"gladdaybookshop"}|true|wheelchair accessible|all|18+
8|Queer Youth Drop-In|Weekly drop-in space for LGBTQ+ youth|https://source.unsplash.com/random/?youth,queer|The 519, 519 Church St|community|2025-07-04|2026-04-30||3 hours|Activities, peer support, resources - Fridays 4-7PM|Free|https://www.the519.org|10 mins|https://goo.gl/maps/the519|true|youth,queer,support,community|2025-07-05T17:07:00-04:00|youth|{"instagram":"the519"}|true|wheelchair accessible,gender-neutral facilities|all|13-29
9|Drag Queen Storytime|Monthly storytime for families with drag performers|https://source.unsplash.com/random/?drag,storytime|Toronto Public Library - Church-Yonge Corridor|community|2025-07-12|2026-04-12||1 hour|Inclusive stories, songs, activities - Second Saturday each month 2PM|Free|https://www.torontopubliclibrary.ca|5 mins|https://goo.gl/maps/tpl|true|drag,family,storytime,inclusive|2025-07-05T17:07:00-04:00|family|{"instagram":"torontolibrary"}|true|wheelchair accessible,ASL interpretation|all|all-ages
10|Bears Night Out|Monthly social event for bears and their admirers|https://source.unsplash.com/random/?bears,social|Woody's Bar, 467 Church St|nightlife|2025-07-11|2026-04-11||4 hours|Social mixer, drinks, music - Second Friday each month 8PM|$10|https://woodysbar.ca|10 mins|https://goo.gl/maps/woodys|true|bears,gay,social,nightlife|2025-07-05T17:07:00-04:00|social|{"instagram":"woodysbar"}|true|wheelchair accessible|all|19+
11|Queer Cooking Class|Monthly cooking workshops celebrating diverse cuisines|https://source.unsplash.com/random/?cooking,queer|The Depanneur, 1033 College St|community|2025-07-20|2026-04-20||3 hours|Hands-on cooking, recipes, community - Third Sunday each month 2PM|$45|https://thedepanneur.ca|20 mins|https://goo.gl/maps/depanneur|true|cooking,workshop,community,food|2025-07-05T17:07:00-04:00|workshop|{"instagram":"thedepanneur"}|true|wheelchair accessible|all|all-ages
12|Pride Trivia Night|Weekly trivia focusing on LGBTQ+ history and culture|https://source.unsplash.com/random/?trivia,pride|Glad Day Bookshop, 499 Church St|social|2025-07-09|2026-04-30||2 hours|Trivia questions, prizes, community - Wednesdays 7PM|$5|https://www.gladday.ca|15 mins|https://goo.gl/maps/gladday|true|trivia,history,culture,social|2025-07-05T17:07:00-04:00|social|{"instagram":"gladdaybookshop"}|true|wheelchair accessible|all|19+
13|Trans Clothing Swap|Monthly clothing exchange for trans and non-binary individuals|https://source.unsplash.com/random/?clothing,trans|The 519, 519 Church St|community|2025-07-13|2026-04-13||2 hours|Clothing exchange, styling tips, community - Second Sunday each month 1PM|Free|https://www.the519.org|10 mins|https://goo.gl/maps/the519|true|trans,clothing,community,swap|2025-07-05T17:07:00-04:00|community|{"instagram":"the519"}|true|wheelchair accessible,gender-neutral facilities|all|all-ages
14|Queer Game Night|Weekly board game and video game meetups|https://source.unsplash.com/random/?games,queer|Snakes & Lattes, 600 Bloor St W|social|2025-07-01|2026-04-30||3 hours|Board games, video games, socializing - Tuesdays 7PM|$10|https://snakesandlattes.com|25 mins|https://goo.gl/maps/snakeslattes|true|games,social,community,fun|2025-07-05T17:07:00-04:00|social|{"instagram":"snakesandlattes"}|true|wheelchair accessible|all|18+
15|Lesbian Speed Dating|Monthly speed dating events for lesbian and queer women|https://source.unsplash.com/random/?dating,lesbian|Crews & Tangos, 508 Church St|social|2025-07-17|2026-04-17||2 hours|Speed dating, mixer, socializing - Third Thursday each month 7PM|$20|https://crewsandtangos.com|10 mins|https://goo.gl/maps/crews|true|lesbian,dating,social,women|2025-07-05T17:07:00-04:00|social|{"instagram":"crewsandtangos"}|true|wheelchair accessible|all|19+
16|Queer Art Show|Monthly art exhibitions featuring LGBTQ+ artists|https://source.unsplash.com/random/?art,queer|Gallery 1313, 1313 Queen St W|community|2025-07-25|2026-04-25||Evening|Art exhibitions, artist talks, wine reception - Last Friday each month 7PM|$15|https://gallery1313.com|30 mins|https://goo.gl/maps/gallery1313|true|art,gallery,artists,culture|2025-07-05T17:07:00-04:00|arts|{"instagram":"gallery1313"}|true|wheelchair accessible|all|all-ages
17|Gay Men's Chorus Concert|Seasonal concerts by Toronto's gay men's chorus|https://source.unsplash.com/random/?chorus,gay|Glenn Gould Studio, CBC|performance|2025-10-15|2025-10-15||2 hours|Choral performance, classical and contemporary music|$25-35|https://gmct.ca|20 mins|https://goo.gl/maps/cbc|true|chorus,music,performance,gay|2025-07-05T17:07:00-04:00|performance|{"instagram":"gmct"}|false|wheelchair accessible,ASL interpretation|all|all-ages
18|Drag King Workshop|Monthly workshops for aspiring drag kings|https://source.unsplash.com/random/?drag,king|Buddies in Bad Times Theatre, 12 Alexander St|performance|2025-07-26|2026-04-26||3 hours|Drag techniques, performance tips, community - Last Saturday each month 2PM|$30|https://buddiesinbadtimes.com|15 mins|https://goo.gl/maps/buddies|true|drag,king,workshop,performance|2025-07-05T17:07:00-04:00|workshop|{"instagram":"buddiesinbadtimes"}|true|wheelchair accessible,gender-neutral facilities|all|18+
19|Queer Hiking Group|Monthly hiking trips for LGBTQ+ outdoor enthusiasts|https://source.unsplash.com/random/?hiking,queer|Various GTA locations|community|2025-07-19|2026-04-19||Full day|Guided hikes, nature walks, community - Third Saturday each month 10AM|$5|https://queerhikingto.com|60-90 mins|varies|true|hiking,outdoor,nature,community|2025-07-05T17:07:00-04:00|outdoor|{"instagram":"queerhikingto"}|true|varies by location|all|16+
20|Trans Hockey League|Winter hockey league for trans and non-binary players|https://source.unsplash.com/random/?hockey,trans|Moss Park Arena, 141 Queen St E|community|2025-11-01|2026-03-31||Season|Weekly games, practices, social events|$150|https://transhockeyleague.ca|15 mins|https://goo.gl/maps/mosspark|true|hockey,trans,sports,league|2025-07-05T17:07:00-04:00|sports|{"instagram":"transhockeyleague"}|true|wheelchair accessible|all|18+
21|Queer Meditation Circle|Weekly meditation and mindfulness sessions|https://source.unsplash.com/random/?meditation,queer|The 519, 519 Church St|community|2025-07-07|2026-04-30||1 hour|Guided meditation, mindfulness practices - Mondays 7PM|Free|https://www.the519.org|10 mins|https://goo.gl/maps/the519|true|meditation,wellness,mindfulness,community|2025-07-05T17:07:00-04:00|wellness|{"instagram":"the519"}|true|wheelchair accessible,quiet space|all|18+
22|Lesbian Comedy Night|Monthly comedy show featuring lesbian and queer women comedians|https://source.unsplash.com/random/?comedy,lesbian|Second City Toronto, 51 Mercer St|performance|2025-07-14|2026-04-14||2 hours|Stand-up comedy, drag performances - Second Monday each month 8PM|$20|https://secondcity.com|25 mins|https://goo.gl/maps/secondcity|true|comedy,lesbian,performance,entertainment|2025-07-05T17:07:00-04:00|performance|{"instagram":"secondcitytoronto"}|true|wheelchair accessible|all|19+
23|Trans Day of Remembrance|Annual memorial event honoring transgender lives|https://source.unsplash.com/random/?memorial,trans|The 519, 519 Church St|community|2025-11-20|2025-11-20||2 hours|Memorial service, speeches, community gathering|Free|https://www.the519.org|10 mins|https://goo.gl/maps/the519|true|trans,memorial,community,remembrance|2025-07-05T17:07:00-04:00|memorial|{"instagram":"the519"}|false|wheelchair accessible,ASL interpretation|all|all-ages
24|Queer Karaoke Night|Weekly karaoke nights with LGBTQ+ favorites|https://source.unsplash.com/random/?karaoke,queer|Crews & Tangos, 508 Church St|nightlife|2025-07-08|2026-04-30||3 hours|Karaoke, drinks, socializing - Tuesdays 9PM|$5|https://crewsandtangos.com|10 mins|https://goo.gl/maps/crews|true|karaoke,music,nightlife,social|2025-07-05T17:07:00-04:00|nightlife|{"instagram":"crewsandtangos"}|true|wheelchair accessible|all|19+
25|Pride Photography Workshop|Monthly photography workshops with LGBTQ+ themes|https://source.unsplash.com/random/?photography,pride|Ryerson Image Centre, 33 Gould St|community|2025-07-16|2026-04-16||3 hours|Photography techniques, LGBTQ+ themes - Third Wednesday each month 6PM|$40|https://ryersonimagecentre.ca|20 mins|https://goo.gl/maps/ryerson|true|photography,workshop,art,pride|2025-07-05T17:07:00-04:00|workshop|{"instagram":"ryersonimagecentre"}|true|wheelchair accessible|all|16+
26|Queer Writers Group|Monthly writing circle for LGBTQ+ authors|https://source.unsplash.com/random/?writing,queer|Glad Day Bookshop, 499 Church St|community|2025-07-10|2026-04-10||2 hours|Writing exercises, feedback, community - Second Thursday each month 7PM|$10|https://www.gladday.ca|15 mins|https://goo.gl/maps/gladday|true|writing,literature,workshop,community|2025-07-05T17:07:00-04:00|workshop|{"instagram":"gladdaybookshop"}|true|wheelchair accessible|all|18+
27|Trans Yoga Class|Weekly yoga sessions for trans and non-binary individuals|https://source.unsplash.com/random/?yoga,trans|The 519, 519 Church St|community|2025-07-05|2026-04-30||1 hour|Gentle yoga, body-positive environment - Saturdays 10AM|$15|https://www.the519.org|10 mins|https://goo.gl/maps/the519|true|yoga,trans,wellness,fitness|2025-07-05T17:07:00-04:00|wellness|{"instagram":"the519"}|true|wheelchair accessible,gender-neutral facilities|all|16+
28|Queer Film Club|Monthly film screenings and discussions|https://source.unsplash.com/random/?film,queer|TIFF Bell Lightbox, 350 King St W|community|2025-07-18|2026-04-18||3 hours|Film screenings, discussions, Q&As - Third Friday each month 7PM|$12|https://tiff.net|30 mins|https://goo.gl/maps/tiff|true|film,discussion,arts,culture|2025-07-05T17:07:00-04:00|arts|{"instagram":"tiff"}|true|wheelchair accessible,ASL interpretation|all|18+
29|Drag Bingo|Weekly bingo nights hosted by drag performers|https://source.unsplash.com/random/?bingo,drag|Woody's Bar, 467 Church St|nightlife|2025-07-03|2026-04-30||2 hours|Bingo games, drag performances, prizes - Thursdays 8PM|$10|https://woodysbar.ca|10 mins|https://goo.gl/maps/woodys|true|bingo,drag,nightlife,entertainment|2025-07-05T17:07:00-04:00|nightlife|{"instagram":"woodysbar"}|true|wheelchair accessible|all|19+
30|Queer Crafts Circle|Monthly crafting sessions and workshops|https://source.unsplash.com/random/?crafts,queer|The Depanneur, 1033 College St|community|2025-07-27|2026-04-27||3 hours|Crafting projects, supplies provided - Last Sunday each month 2PM|$25|https://thedepanneur.ca|20 mins|https://goo.gl/maps/depanneur|true|crafts,workshop,community,creative|2025-07-05T17:07:00-04:00|workshop|{"instagram":"thedepanneur"}|true|wheelchair accessible|all|all-ages
31|Bi+ Meetup|Monthly social meetup for bisexual and pansexual individuals|https://source.unsplash.com/random/?bisexual,social|The 519, 519 Church St|social|2025-07-23|2026-04-23||2 hours|Social mixer, discussions, community - Fourth Wednesday each month 7PM|Free|https://www.the519.org|10 mins|https://goo.gl/maps/the519|true|bisexual,pansexual,social,community|2025-07-05T17:07:00-04:00|social|{"instagram":"the519"}|true|wheelchair accessible,gender-neutral facilities|all|18+
32|Queer Salsa Dancing|Weekly salsa dancing lessons and social dance|https://source.unsplash.com/random/?salsa,queer|Lula Lounge, 1585 Dundas St W|social|2025-07-06|2026-04-30||2 hours|Salsa lessons, social dancing - Sundays 7PM|$15|https://lulalounge.ca|30 mins|https://goo.gl/maps/lula|true|salsa,dance,social,latin|2025-07-05T17:07:00-04:00|dance|{"instagram":"lulalounge"}|true|wheelchair accessible|all|18+
33|Trans Health Workshop|Monthly health and wellness workshops for trans individuals|https://source.unsplash.com/random/?health,trans|Sherbourne Health Centre, 333 Sherbourne St|community|2025-07-21|2026-04-21||2 hours|Health education, resources, Q&A - Third Monday each month 6PM|Free|https://sherbourne.on.ca|15 mins|https://goo.gl/maps/sherbourne|true|trans,health,wellness,education|2025-07-05T17:07:00-04:00|health|{"instagram":"sherbournehealth"}|true|wheelchair accessible,gender-neutral facilities|all|18+
34|Queer Zumba Class|Weekly Zumba fitness classes with LGBTQ+ music|https://source.unsplash.com/random/?zumba,queer|Harbourfront Community Centre, 627 Queens Quay W|community|2025-07-02|2026-04-30||1 hour|Zumba fitness, dance, music - Wednesdays 7PM|$12|https://harbourfrontcentre.com|25 mins|https://goo.gl/maps/harbourfront|true|zumba,fitness,dance,music|2025-07-05T17:07:00-04:00|fitness|{"instagram":"harbourfrontcentre"}|true|wheelchair accessible|all|16+
35|Drag Queen Makeup Workshop|Monthly makeup workshops with drag performers|https://source.unsplash.com/random/?makeup,drag|Buddies in Bad Times Theatre, 12 Alexander St|performance|2025-07-28|2026-04-28||3 hours|Makeup techniques, drag tips, practice - Last Monday each month 6PM|$35|https://buddiesinbadtimes.com|15 mins|https://goo.gl/maps/buddies|true|drag,makeup,workshop,beauty|2025-07-05T17:07:00-04:00|workshop|{"instagram":"buddiesinbadtimes"}|true|wheelchair accessible,gender-neutral facilities|all|16+
36|Queer Tennis League|Summer tennis league for LGBTQ+ players|https://source.unsplash.com/random/?tennis,queer|High Park Tennis Courts, 1873 Bloor St W|community|2025-07-01|2025-09-30||Season|Weekly matches, tournaments, social events|$80|https://queertennisto.com|30 mins|https://goo.gl/maps/highpark|true|tennis,sports,league,outdoor|2025-07-05T17:07:00-04:00|sports|{"instagram":"queertennisto"}|true|outdoor courts|all|18+
37|Trans Support Group - East End|Weekly support group for trans individuals in east Toronto|https://source.unsplash.com/random/?support,trans|East End Community Health Centre, 1619 Queen St E|community|2025-07-03|2026-04-30||1.5 hours|Peer support, resources, community - Thursdays 7PM|Free|https://eechc.org|35 mins|https://goo.gl/maps/eechc|true|trans,support,community,east|2025-07-05T17:07:00-04:00|support|{"instagram":"eechc"}|true|wheelchair accessible,gender-neutral facilities|all|18+
38|Queer Volleyball League|Indoor volleyball league for LGBTQ+ players|https://source.unsplash.com/random/?volleyball,queer|Ryerson Athletic Centre, 350 Victoria St|community|2025-09-15|2026-04-15||Season|Weekly games, tournaments, social events|$120|https://queervolleyballto.com|20 mins|https://goo.gl/maps/ryerson|true|volleyball,sports,league,indoor|2025-07-05T17:07:00-04:00|sports|{"instagram":"queervolleyballto"}|true|wheelchair accessible|all|18+
39|Lesbian Wine Tasting|Monthly wine tasting events for lesbian and queer women|https://source.unsplash.com/random/?wine,lesbian|The Wine Bar, 13 Baldwin St|social|2025-07-24|2026-04-24||2 hours|Wine tastings, cheese pairings, socializing - Fourth Thursday each month 7PM|$30|https://thewinebar.ca|20 mins|https://goo.gl/maps/winebar|true|wine,lesbian,social,tasting|2025-07-05T17:07:00-04:00|social|{"instagram":"thewinebar"}|true|wheelchair accessible|all|19+
40|Queer Open Mic Night|Weekly open mic performances for LGBTQ+ artists|https://source.unsplash.com/random/?openmic,queer|Glad Day Bookshop, 499 Church St|performance|2025-07-04|2026-04-30||3 hours|Open mic, poetry, music, comedy - Fridays 8PM|Free|https://www.gladday.ca|15 mins|https://goo.gl/maps/gladday|true|openmic,performance,music,poetry|2025-07-05T17:07:00-04:00|performance|{"instagram":"gladdaybookshop"}|true|wheelchair accessible|all|18+
41|Trans Swimming Group|Weekly swimming sessions for trans and non-binary individuals|https://source.unsplash.com/random/?swimming,trans|Regent Park Aquatic Centre, 402 Shuter St|community|2025-07-06|2026-04-30||1 hour|Swimming, aqua fitness, community - Sundays 2PM|$8|https://regentparkaquatic.com|20 mins|https://goo.gl/maps/regentpark|true|swimming,trans,fitness,aquatic|2025-07-05T17:07:00-04:00|fitness|{"instagram":"regentparkaquatic"}|true|wheelchair accessible,gender-neutral facilities|all|16+
42|Queer Cooking Competition|Monthly cooking competitions with LGBTQ+ themes|https://source.unsplash.com/random/?cooking,competition|George Brown College, 300 Adelaide St E|community|2025-07-13|2026-04-13||4 hours|Cooking challenges, judging, prizes - Second Sunday each month 1PM|$20|https://georgebrown.ca|25 mins|https://goo.gl/maps/georgebrown|true|cooking,competition,culinary,fun|2025-07-05T17:07:00-04:00|competition|{"instagram":"georgebrownchef"}|true|wheelchair accessible|all|18+
43|Drag King Showcase|Monthly drag king performance nights|https://source.unsplash.com/random/?drag,king|Buddies in Bad Times Theatre, 12 Alexander St|performance|2025-07-12|2026-04-12||2 hours|Drag king performances, music, entertainment - Second Saturday each month 9PM|$15|https://buddiesinbadtimes.com|15 mins|https://goo.gl/maps/buddies|true|drag,king,performance,entertainment|2025-07-05T17:07:00-04:00|performance|{"instagram":"buddiesinbadtimes"}|true|wheelchair accessible,gender-neutral facilities|all|19+
44|Queer Basketball League|Weekly basketball games for LGBTQ+ players|https://source.unsplash.com/random/?basketball,queer|Regent Park Community Centre, 402 Shuter St|community|2025-09-01|2026-04-30||Season|Weekly games, practices, tournaments|$100|https://queerbasketballto.com|20 mins|https://goo.gl/maps/regentpark|true|basketball,sports,league,indoor|2025-07-05T17:07:00-04:00|sports|{"instagram":"queerbasketballto"}|true|wheelchair accessible|all|18+
45|Trans Job Fair|Quarterly job fair for transgender individuals|https://source.unsplash.com/random/?jobs,trans|Metro Toronto Convention Centre, 255 Front St W|community|2025-09-15|2025-09-15||6 hours|Job opportunities, networking, resources|Free|https://transjobfair.ca|30 mins|https://goo.gl/maps/mtcc|true|trans,jobs,professional,career|2025-07-05T17:07:00-04:00|professional|{"instagram":"transjobfair"}|false|wheelchair accessible,gender-neutral facilities|all|18+
46|Queer Poetry Slam|Monthly poetry competition and open mic|https://source.unsplash.com/random/?poetry,queer|The Phoenix Concert Theatre, 410 Sherbourne St|performance|2025-07-19|2026-04-19||3 hours|Poetry slam, open mic, prizes - Third Saturday each month 8PM|$10|https://thephoenixconcerttheatre.com|15 mins|https://goo.gl/maps/phoenix|true|poetry,performance,competition,spoken|2025-07-05T17:07:00-04:00|performance|{"instagram":"phoenixconcerttheatre"}|true|wheelchair accessible|all|18+
47|Lesbian Hiking Group|Monthly hiking trips for lesbian and queer women|https://source.unsplash.com/random/?hiking,lesbian|Various GTA locations|community|2025-07-26|2026-04-26||Full day|Guided hikes, nature walks, community - Last Saturday each month 9AM|$10|https://lesbianhikingto.com|60-90 mins|varies|true|hiking,lesbian,outdoor,nature|2025-07-05T17:07:00-04:00|outdoor|{"instagram":"lesbianhikingto"}|true|varies by location|all|18+
48|Queer Chess Club|Weekly chess games and tournaments|https://source.unsplash.com/random/?chess,queer|The Annex Chess Club, 918 Bathurst St|social|2025-07-01|2026-04-30||2 hours|Chess games, tournaments, lessons - Tuesdays 7PM|$5|https://annexchess.com|25 mins|https://goo.gl/maps/annexchess|true|chess,games,strategy,social|2025-07-05T17:07:00-04:00|social|{"instagram":"annexchess"}|true|wheelchair accessible|all|16+
49|Trans Parenting Group|Monthly support group for transgender parents|https://source.unsplash.com/random/?parenting,trans|The 519, 519 Church St|community|2025-07-14|2026-04-14||2 hours|Parenting support, resources, community - Second Monday each month 7PM|Free|https://www.the519.org|10 mins|https://goo.gl/maps/the519|true|trans,parenting,family,support|2025-07-05T17:07:00-04:00|support|{"instagram":"the519"}|true|wheelchair accessible,gender-neutral facilities|all|18+
50|Queer Badminton Club|Weekly badminton games and social play|https://source.unsplash.com/random/?badminton,queer|Harbourfront Community Centre, 627 Queens Quay W|community|2025-07-07|2026-04-30||2 hours|Badminton games, social play, tournaments - Mondays 7PM|$15|https://queerbadminton.ca|25 mins|https://goo.gl/maps/harbourfront|true|badminton,sports,social,indoor|2025-07-05T17:07:00-04:00|sports|{"instagram":"queerbadminton"}|true|wheelchair accessible|all|16+
51|Drag Queen Singing Workshop|Monthly vocal training with drag performers|https://source.unsplash.com/random/?singing,drag|The Royal Conservatory, 273 Bloor St W|performance|2025-07-29|2026-04-29||2 hours|Vocal training, performance tips, practice - Last Tuesday each month 7PM|$40|https://rcmusic.com|20 mins|https://goo.gl/maps/rcm|true|singing,drag,vocal,performance|2025-07-05T17:07:00-04:00|workshop|{"instagram":"rcmusic"}|true|wheelchair accessible|all|16+
52|Queer Bowling League|Weekly bowling league for LGBTQ+ players|https://source.unsplash.com/random/?bowling,queer|Playtime Bowl, 33 Sammon Ave|community|2025-09-02|2026-04-30||Season|Weekly games, tournaments, social events|$80|https://playtimebowl.com|35 mins|https://goo.gl/maps/playtime|true|bowling,sports,league,social|2025-07-05T17:07:00-04:00|sports|{"instagram":"playtimebowl"}|true|wheelchair accessible|all|18+
53|Trans Art Therapy|Weekly art therapy sessions for transgender individuals|https://source.unsplash.com/random/?art,therapy|Centre for Addiction and Mental Health, 1001 Queen St W|community|2025-07-04|2026-04-30||1.5 hours|Art therapy, creative expression, healing - Fridays 2PM|Free|https://camh.ca|20 mins|https://goo.gl/maps/camh|true|trans,art,therapy,wellness|2025-07-05T17:07:00-04:00|wellness|{"instagram":"camh"}|true|wheelchair accessible,gender-neutral facilities|all|18+
54|Queer Cycling Group|Weekly cycling rides around Toronto|https://source.unsplash.com/random/?cycling,queer|Various Toronto locations|community|2025-07-05|2026-04-30||3 hours|Group rides, different routes, socializing - Saturdays 10AM|Free|https://queercycling.to|varies|varies|true|cycling,outdoor,fitness,social|2025-07-05T17:07:00-04:00|outdoor|{"instagram":"queercycling"}|true|varies by route|all|16+
55|Lesbian Stand-Up Comedy|Monthly comedy nights featuring lesbian comedians|https://source.unsplash.com/random/?comedy,lesbian|Comedy Bar, 945 Bloor St W|performance|2025-07-22|2026-04-22||2 hours|Stand-up comedy, drinks, socializing - Fourth Tuesday each month 8PM|$15|https://comedybar.ca|25 mins|https://goo.gl/maps/comedybar|true|comedy,lesbian,performance,entertainment|2025-07-05T17:07:00-04:00|performance|{"instagram":"comedybar"}|true|wheelchair accessible|all|19+
56|Queer Entrepreneurs Network|Monthly networking events for LGBTQ+ business owners|https://source.unsplash.com/random/?business,queer|Toronto Board of Trade, 1 First Canadian Place|community|2025-07-31|2026-04-30||2 hours|Networking, presentations, resources - Last Thursday each month 6PM|$25|https://queerentrepreneurs.ca|15 mins|https://goo.gl/maps/tbot|true|business,networking,professional,entrepreneurs|2025-07-05T17:07:00-04:00|professional|{"instagram":"queerentrepreneurs"}|true|wheelchair accessible|all|18+
57|Trans Dance Workshop|Monthly dance workshops for transgender individuals|https://source.unsplash.com/random/?dance,trans|Harbourfront Community Centre, 627 Queens Quay W|performance|2025-07-15|2026-04-15||2 hours|Dance techniques, expression, community - Third Tuesday each month 7PM|$20|https://harbourfrontcentre.com|25 mins|https://goo.gl/maps/harbourfront|true|dance,trans,workshop,movement|2025-07-05T17:07:00-04:00|workshop|{"instagram":"harbourfrontcentre"}|true|wheelchair accessible,gender-neutral facilities|all|16+
58|Queer Trivia Championship|Annual trivia competition with LGBTQ+ themes|https://source.unsplash.com/random/?trivia,championship|The Danforth Music Hall, 147 Danforth Ave|social|2025-11-15|2025-11-15||4 hours|Trivia competition, prizes, entertainment|$20|https://thedanforth.com|30 mins|https://goo.gl/maps/danforth|true|trivia,competition,championship,prizes|2025-07-05T17:07:00-04:00|competition|{"instagram":"thedanforth"}|false|wheelchair accessible|all|19+
59|Lesbian Photography Club|Monthly photography walks and workshops|https://source.unsplash.com/random/?photography,lesbian|Various Toronto locations|community|2025-07-08|2026-04-08||3 hours|Photography walks, technique workshops - Second Wednesday each month 6PM|$15|https://lesbianhoto.ca|varies|varies|true|photography,lesbian,workshop,art|2025-07-05T17:07:00-04:00|workshop|{"instagram":"lesbianhoto"}|true|varies by location|all|18+
60|Queer Improv Comedy|Weekly improv comedy classes and shows|https://source.unsplash.com/random/?improv,queer|Bad Dog Theatre, 875 Bloor St W|performance|2025-07-09|2026-04-30||2 hours|Improv classes, shows, community - Wednesdays 8PM|$18|https://baddogtheatre.com|25 mins|https://goo.gl/maps/baddog|true|improv,comedy,performance,theatre|2025-07-05T17:07:00-04:00|performance|{"instagram":"baddogtheatre"}|true|wheelchair accessible|all|18+
001|Mamma Mia Drag Brunch|A fantastic Mamma Mia-themed drag brunch with all the songs, delicious food, and fun drinks to party the afternoon away!||O'Grady's On Church, 518 Church St|community|drag|2025-07-05T12:05|2025-07-05T15:00|||Drag performances, brunch menu, themed drinks|$11.98|https://www.ogradyschurch.com|||yes|drag,brunch,queer,party|2025-07-05T17:39:00-04:00|brunch|||annual|Accessible|All|All ages
002|Tales & Tease: Volume 1|An evening of magical narrative-driven burlesque acts followed by a dance afterparty at the iconic Tranzac Club.||Tranzac Club, 292 Brunswick Ave|community|culture|2025-07-05T19:00|2025-07-05T23:55|||Burlesque performances, dance party|$20 - 30|https://www.tranzac.org|||yes|burlesque,queer,party,storytelling|2025-07-05T17:39:00-04:00|burlesque|||annual|Accessible|All|19+
003|jockstrap|A queer party to squeeze the most out of summer at Black Eagle, a staple for the leather and bear community.||Black Eagle, 457 Church Street|community|party|2025-07-05T21:00|2025-07-06T02:00|||Queer party, dancing, community|$10 before 10:30pm, $15 after|https://www.blackeagletoronto.com|||yes|party,queer,leather,bear|2025-07-05T17:39:00-04:00|nightlife|||monthly|Accessible|All|19+
004|Surviving the Season: Stand Up Comedy Show|Sharp-witted comedians roast the chaos and toast the cheer of wedding season.||Imperial Pub, 54 Dundas St E|community|culture|2025-07-05T21:00|2025-07-06T02:00|||Stand-up comedy, queer comics|$11.98||||yes|comedy,queer,standup|2025-07-05T17:39:00-04:00|comedy|||annual|Accessible|All|19+
005|CHRISTIAN NIELSEN [Defected | Ellum]|Dirty house set from Danish DJ Christian Nielsen.|||Wiggle Room, 772 Dundas St W|party|2025-07-05T22:00|2025-07-06T03:00|||House music, queer party|$20 - 25|http://wiggleroomtoronto.com|||yes|party,queer,house,music|2025-07-05T17:39:00-04:00|nightlife|||annual|Accessible|All|19+
006|Stitch & Bitch|Queer craft meetup, bring your own project.||Three Dollar Bill, 1592 Queen Street West|community|culture|2025-07-06T14:00|2025-07-06T17:00|||Crafting, social, queer meetup|Free||||yes|craft,queer,social|2025-07-05T17:39:00-04:00|craft|||monthly|Accessible|All|All ages
007|Parallel Play Day|Bring crafts, writing, homework, and good vibes.||Steadfast Brewing Co, 301 Lansdowne Ave|community|culture|2025-07-06T16:00|2025-07-06T23:00|||Crafting, social, queer meetup|Free||||yes|craft,queer,social|2025-07-05T17:39:00-04:00|craft|||monthly|Accessible|All|All ages
008|Yohomo X Promise Cherry Beach|Day and night queer beach party with DJs.||Cherry Beach, 1 Cherry Street|community|party|2025-07-06T19:00|2025-07-06T21:00|||Beach party, DJs, queer community|$32.30 - $50.55|https://www.toronto.ca/data/parks/prd/facilities/complex/209/index.html|||yes|party,queer,beach,music|2025-07-05T17:39:00-04:00|outdoor|||annual|Accessible|All|All ages
009|Queer Self Defense|First aid, de-escalation, grab escapes and more.||Tallulah's Cabaret, 12 Alexander St|community|culture|2025-07-06T20:00|2025-07-07T04:00|||Self-defense, workshop, queer|PWYC|https://buddiesinbadtimes.com/tallulahs/|||yes|workshop,queer,safety|2025-07-05T17:39:00-04:00|workshop|||monthly|Accessible|All|All ages
010|Sunday SerVice: Cozmic Cat, Manzone & Strong, BlanchEcho, Don_Tay|Queer Sunday dance party.||Wiggle Room, 772 Dundas St W|community|party|2025-07-06T22:00|2025-07-07T02:30|||Dance party, queer DJs|$0 - 20|http://wiggleroomtoronto.com|||yes|party,queer,dance|2025-07-05T17:39:00-04:00|nightlife|||weekly|Accessible|All|19+
011|Pure Camp Presents: SUPERSEXE - FAIRIES|Ages 19+. Ethereal music, fantasy garden, drag.||See-Scape, 347 Keele St|community|party|2025-07-06T22:00|2025-07-07T03:00|||Drag, fantasy, queer party|$11.98+|https://www.seescapeto.com/|||yes|party,queer,drag,fantasy|2025-07-05T17:39:00-04:00|nightlife|||annual|Accessible|All|19+
012|Juicy Queer Night|Queer wine party.||Paradise Grapevine, 841 Bloor St W|community|party|2025-07-08T20:30|2025-07-08T21:30|||Wine, social, queer|No cover|https://www.paradisegrapevine.com/|||yes|party,queer,wine|2025-07-05T17:39:00-04:00|social|||monthly|Accessible|All|19+
013|Hillary Yaas' Miserable Old White Woman|One-woman drag show.||Comedy Bar Danforth, 2800 Danforth Avenue|community|drag|2025-07-08T20:00|2025-07-08T22:00|||Drag, comedy|PWYC||||yes|drag,comedy,queer|2025-07-05T17:39:00-04:00|theatre|||annual|Accessible|All|19+
014|Queer Pool Night|Queer pool night, discounted tables.||The Rivoli, 334 Queen Street West|community|culture|2025-07-09T18:00|2025-07-09T23:30|||Pool, social, queer|$10|https://www.rivolitoronto.com/|||yes|pool,queer,social|2025-07-05T17:39:00-04:00|nightlife|||monthly|Accessible|All|19+
015|Drag Bingo w/Hillary Yaas|Fabulous night of Drag Bingo.||C.C's Bar and Grill, 1564 Danforth Ave|community|drag|2025-07-09T19:00|2025-07-09T21:30|||Drag, bingo, queer|$17.85||||yes|drag,bingo,queer|2025-07-05T17:39:00-04:00|game|||monthly|Accessible|All|19+
016|Pickle Bingo|Pickles & Bingo, together at last!||Three Dollar Bill, 1592 Queen Street West|community|drag|2025-07-10T20:00|2025-07-10T23:00|||Drag, bingo, queer|Free entry||||yes|drag,bingo,queer|2025-07-05T17:39:00-04:00|game|||monthly|Accessible|All|19+
017|Trans Ball #1|Ball in hues of blue, white, or pink.||519 Community Centre, 519 Church Street|community|culture|2025-07-11T17:00|2025-07-11T23:00|||Ball, trans, queer|PWYC|https://www.the519.org|||yes|ball,trans,queer|2025-07-05T17:39:00-04:00|ball|||annual|Accessible|All|All ages
018|Service|Queer party with guest performers and DJ.||Black Eagle, 457 Church Street|community|party|2025-07-11T21:00|2025-07-12T02:00|||Queer party, dancing|$10 before 10:30pm, $15 after|https://www.blackeagletoronto.com|||yes|party,queer,nightlife|2025-07-05T17:39:00-04:00|nightlife|||monthly|Accessible|All|19+
019|DISCOSTING!|Disco night with Toronto's elite disco daddies.||Three Dollar Bill, 1592 Queen Street West|community|party|2025-07-11T22:00|2025-07-11T23:45|||Disco, queer party|$11.30||||yes|party,queer,disco|2025-07-05T17:39:00-04:00|nightlife|||annual|Accessible|All|19+
020|Mandatory Attention: A Newish Hour Served Hot + Fresh by Sam Sferrazza|Work-in-progress stand up show.||Comedy Bar, 945 Bloor Street W|community|culture|2025-07-11T22:00|2025-07-11T23:00|||Comedy, queer|$15||||yes|comedy,queer|2025-07-05T17:39:00-04:00|comedy|||annual|Accessible|All|19+
021|Boyfriend Reveal 03: feat. Kai, Kuscheln|Queer party with underground DJs.||The Arch Cafe Bar, 293 Augusta Ave|community|party|2025-07-11T22:00|2025-07-12T02:00|||Queer party, DJs|$10 advance, $15 door||||yes|party,queer,music|2025-07-05T17:39:00-04:00|nightlife|||monthly|Accessible|All|19+
022|Beach Day 4 The Dolls|Queer beach day, clothing optional.||Hanlan's Point Beach, Toronto Islands|community|culture|2025-07-12T12:05|2025-07-12T21:00|||Beach, social, queer|TBA||||yes|beach,queer,social|2025-07-05T17:39:00-04:00|outdoor|||annual|Accessible|All|All ages
023|Archiving Our Stories|Workshop for Queer, Trans, Black, Indigenous and People of Colour.||The ArQuives, 34 Isabella Street|community|culture|2025-07-12T13:00|2025-07-12T15:00|||Workshop, storytelling, queer|Free||||yes|workshop,queer,community|2025-07-05T17:39:00-04:00|workshop|||annual|Accessible|All|18+
024|Queer Pilates Club Presents: Get Sweaty|Queer pilates session.||276 Carlaw Ave, Unit 305|community|culture|2025-07-12T18:00|2025-07-12T22:00|||Pilates, fitness, queer|TBA||||yes|fitness,queer,wellness|2025-07-05T17:39:00-04:00|wellness|||monthly|Accessible|All|All ages
025|Toronto 2SLGBTQIA+ Board Games Extravaganza|Queer inclusive game night.||Centre For Social Innovation, 720 Bathurst Street|community|culture|2025-07-12T21:00|2025-07-13T02:00|||Board games, social, queer|$5 at door||||yes|games,queer,social|2025-07-05T17:39:00-04:00|games|||monthly|Accessible|All|All ages
026|Balls Deep Disco|Queer disco party.||Black Eagle, 457 Church Street|community|party|2025-07-12T22:00|2025-07-13T02:00|||Disco, queer party, dancing|$10 before 10:30pm, $15 after|https://www.blackeagletoronto.com|||yes|party,queer,disco|2025-07-05T17:39:00-04:00|nightlife|||monthly|Accessible|All|19+
027|Love is a Temple|Dance to George Michael, Pet Shop Boys, Eurythmics.||Three Dollar Bill, 1592 Queen Street West|community|party|2025-07-12T22:00|2025-07-13T02:00|||Dance, queer party, 80s music|$10||||yes|party,queer,80s|2025-07-05T17:39:00-04:00|nightlife|||annual|Accessible|All|19+
028|Beam Me Up|Disco night.||The Garrison, 1197 Dundas St W|community|party|2025-07-12T22:00|2025-07-13T02:00|||Disco, queer party|$15||||yes|party,queer,disco|2025-07-05T17:39:00-04:00|nightlife|||annual|Accessible|All|19+
029|BARB-IE - A Nicki Minaj and Barbie Drag Bingo Brunch!|All ages drag bingo brunch.||Granite Brewery, 245 Eglinton Avenue East|community|drag|2025-07-13T12:05|2025-07-13T15:00|||Drag, bingo, brunch|$17.31||||yes|drag,bingo,brunch|2025-07-05T17:39:00-04:00|brunch|||monthly|Accessible|All|All ages
030|Drag Brunch Bingo|Wildest Drag Bingo Brunch in town.||Storm Crow Manor, 580 Church St|community|drag|2025-07-13T12:05|2025-07-13T15:00|||Drag, bingo, brunch|$42|https://www.stormcrow.com/|||yes|drag,bingo,brunch|2025-07-05T17:39:00-04:00|brunch|||monthly|Accessible|All|All ages
031|Sunday SerVice: MANDIZ, Manzone & Strong, GEM, Nour|Queer Sunday dance party.||Wiggle Room, 772 Dundas St W|community|party|2025-07-13T20:00|2025-07-14T04:30|||Dance party, queer DJs|$0 - 20|http://wiggleroomtoronto.com|||yes|party,queer,dance|2025-07-05T17:39:00-04:00|nightlife|||weekly|Accessible|All|19+
032|DIY Chill Craft & Chat|Work on your DIY project with other Gaymers.||Hair of the Dog, 425 Church St|community|culture|2025-07-14T17:00|2025-07-14T20:00|||Crafting, social, queer|Free entry|https://hairofthedogpub.ca/|||yes|craft,queer,social|2025-07-05T17:39:00-04:00|craft|||monthly|Accessible|All|All ages
033|Little Deaths Salon|Irreverent conversations about death and sex.||It's Ok Studios, 468 Queen St W|community|culture|2025-07-17T19:00|2025-07-17T22:00|||Salon, queer, sex-positive|Free (register)||||yes|salon,queer,sex|2025-07-05T17:39:00-04:00|salon|||monthly|Accessible|All|19+
034|Queer Emo Nite TO V.14|Queer emo party, dancing, mosh pit.||DROM Taberna, 458 Queen Street West|community|party|2025-07-17T22:30|2025-07-18T02:00|||Emo music, queer party, dancing|$12.50 advance, $15 door||||yes|party,queer,emo,music|2025-07-05T17:39:00-04:00|nightlife|||monthly|Accessible|All|19+
035|Grapefruit|Queer party with Annie Lennox theme.||Black Eagle, 457 Church Street|community|party|2025-07-19T21:00|2025-07-20T02:00|||Queer party, music|$10 before 10:30pm, $15 after|https://www.blackeagletoronto.com|||yes|party,queer,music|2025-07-05T17:39:00-04:00|nightlife|||monthly|Accessible|All|19+
036|Birthday Trio: TYLER HILL, FLIPSIDE, RANDOMDOUG|Birthday beats from Toronto's favourite DJs.||Wiggle Room, 772 Dundas St W|community|party|2025-07-19T22:00|2025-07-20T03:00|||Dance party, queer DJs|$15 - 20|http://wiggleroomtoronto.com|||yes|party,queer,dance|2025-07-05T17:39:00-04:00|nightlife|||annual|Accessible|All|19+
037|Y2GAY Drag Brunch|2000s themed drag brunch.||The Alpine, 2872 Dundas Street W|community|drag|2025-07-20T12:05|2025-07-20T14:30|||Drag, brunch, 2000s|$17.31||||yes|drag,brunch,queer|2025-07-05T17:39:00-04:00|brunch|||monthly|Accessible|All|All ages
038|Messy's Drag Bingo Brunch @ Sneaky Dee's|OG Drag Bingo Brunch in Toronto.||Sneaky Dee's, 431 College St|community|drag|2025-07-20T12:05|2025-07-20T15:00|||Drag, bingo, brunch|$12.96||||yes|drag,bingo,brunch|2025-07-05T17:39:00-04:00|brunch|||monthly|Accessible|All|All ages
039|FEELS Issue 24: Pride Launch Party!|Celebrate the 24th issue of FEELS.||Society Clubhouse, 967 College Street|community|culture|2025-07-20T14:00|2025-07-20T17:00|||Magazine launch, queer, social|PWYC||||yes|magazine,queer,social|2025-07-05T17:39:00-04:00|launch|||annual|Accessible|All|All ages
040|Promise Cherry Beach|Dance party at the beach.||Cherry Beach, 1 Cherry Street|community|party|2025-07-20T16:00|2025-07-20T23:00|||Dance, beach, queer|$32.30 - 50.55|https://www.toronto.ca/data/parks/prd/facilities/complex/209/index.html|||yes|party,queer,beach|2025-07-05T17:39:00-04:00|outdoor|||annual|Accessible|All|All ages
041|Sunday SerVice: Chris Campos, Manzone & Strong, Sydney Sarayeva, DEXY|Queer Sunday dance party.||Wiggle Room, 772 Dundas St W|community|party|2025-07-20T20:00|2025-07-21T04:30|||Dance party, queer DJs|$0 - 20|http://wiggleroomtoronto.com|||yes|party,queer,dance|2025-07-05T17:39:00-04:00|nightlife|||weekly|Accessible|All|19+
042|QUEER EAST SOCIAL - Midsommar Garden Party|Inclusivity and representation for Queer & Trans orgs.||Café Zuzu, 555 Dundas Street East|community|culture|2025-07-24T18:30|2025-07-24T23:00|||Social, networking, community, garden party|$0 - 32.22||||yes|queer,trans,social,community|2025-07-05T17:39:00-04:00|social|||annual|Accessible|All|All ages
043|LANA DEL REY: SUMMER DANCE PARTY|Lana Del Rey themed dance party with special guests.||The Baby G, 1608 Dundas Street West|community|party|2025-07-25T22:00|2025-07-26T02:00|||Dance party, live performances, queer community|$15 advance||||yes|party,queer,dance,music|2025-07-05T17:39:00-04:00|nightlife|||annual|Accessible|All|19+
044|Habibi Nights|Middle Eastern dance party, inclusive and queer.||The Rivoli, 334 Queen Street West|community|party|2025-07-25T22:00|2025-07-26T02:00|||Middle Eastern music, dance, queer community|$22.63|https://www.rivolitoronto.com/|||yes|party,queer,middle-eastern,dance|2025-07-05T17:39:00-04:00|nightlife|||monthly|Accessible|All|19+
045|Arde Lima (Lima is Burning)|Film screening about Peruvian drag queens.||Carlton Cinema, 20 Carlton St|community|culture|2025-07-26T21:15|2025-07-26T23:00|||Film, drag, queer|$10||||yes|film,drag,queer|2025-07-05T17:39:00-04:00|film|||annual|Accessible|All|All ages
046|BEE HIVE! A Beyoncé & The Bee Movie Drag Brunch|Beyoncé and Bee Movie themed drag brunch.||The Yorkville Royal Sonesta Hotel Toronto, 220 Bloor Street W|community|drag|2025-07-27T12:05|2025-07-27T15:00|||Drag, brunch, Beyoncé|$17.31+||||yes|drag,brunch,beyonce|2025-07-05T17:39:00-04:00|brunch|||monthly|Accessible|All|All ages
047|Messy's Drag Bingo @Left Field Brewery|Campy summer drag bingo.||Left Field Brewery, 40 Hanna Avenue #Suite G1|community|drag|2025-07-29T19:00|2025-07-29T22:00|||Drag, bingo, queer|$15.29||||yes|drag,bingo,queer|2025-07-05T17:39:00-04:00|game|||monthly|Accessible|All|19+
048|Frat Haus: Evicted Event - Drag Theatrical Event|Drag theatre event about eviction.||Buddies in Bad Times, 12 Alexander St|community|drag|2025-07-02T20:00|2025-07-02T22:00|||Drag, theatre, queer|PWYC ($15 suggested)||||yes|drag,theatre,queer|2025-07-05T17:39:00-04:00|theatre|||annual|Accessible|All|All ages
049|Church-Wellesley Village Tour|Walking tour of 2SLGBTQIA+ history.||Church-Wellesley Village, starting at The ArQuives, 34 Isabella Street|community|tour|2025-07-15T18:00|2025-07-15T20:00|||Guided walking tour, LGBTQ+ history|Free||||yes|history,tour,queer,community|2025-07-05T17:39:00-04:00|history|||monthly|Accessible|All|All ages
051|Toronto Queer Swim Club|A welcoming swim club creating an empowering community within sport for trans and non-binary athletes to celebrate themselves and each other. Open water swims are held every Sunday morning at Cherry Beach during the summer, with all skill levels welcome. The club prioritizes safety, support, and inclusivity for queer, trans, and gender-diverse swimmers.||Cherry Beach, Toronto|community|sports|2025-07-06T09:00|2025-07-27T10:30|||Open water swim sessions, community building, skill development|Free|https://www.toronto.ca/data/parks/prd/facilities/complex/209/index.html||yes|swim,queer,trans,non-binary,sports,community|2025-07-05T23:19:00-04:00|open water swim|@toqueer_swimclub|weekly|Accessible (beach access, no universal change rooms at location)|All|All ages