id|title|description|categoryId|locationId|priceId|scheduleId|tags|website|start_date|end_date|lastUpdated|neighborhood
1|Toronto Island Park Exploration|Escape the city bustle with a ferry ride to Toronto Islands. Enjoy beaches, walking trails, Centreville Amusement Park, and stunning city views.|3|88|5|12|must-not-miss,outdoor,family-friendly|https://www.toronto.ca/explore-enjoy/parks-gardens-beaches/toronto-island-park/|2025-05-01|2025-09-30|2025-05-28T14:52:12.941Z|Toronto Islands
2|High Park Cherry Blossoms|Experience the magical spring cherry blossom season in Toronto's largest public park. Best viewed in late April to early May.|3|89|1|12|seasonal,outdoor,photography,free|https://www.toronto.ca/explore-enjoy/parks-gardens-beaches/high-park/|2025-04-20|2025-05-10|2025-05-28T14:52:12.941Z|High Park
3|Art Gallery of Ontario|Explore one of North America's largest art museums featuring an extensive collection of Canadian art and regular international exhibitions.|1|98|2|12|art,culture,indoor,rainy-day|https://ago.ca|2025-01-01|2025-12-31|2025-05-28T14:52:12.941Z|Downtown Toronto
4|St. Lawrence Market Food Tour|Discover Toronto's historic market featuring over 120 vendors selling fresh food, prepared meals, and unique local products.|2|120|2|12|food,history,indoor,guided-tour|https://www.stlawrencemarket.com|2025-01-01|2025-12-31|2025-05-28T14:52:12.941Z|St. Lawrence
5|Kensington Market Walking Tour|Explore Toronto's most diverse and eclectic neighborhood known for its international food scene, vintage shops, and street art.|8|123|1|12|culture,food,walking,free|https://www.toronto.ca/explore-enjoy/history-art-culture/museums/kensington-market/|2025-01-01|2025-12-31|2025-05-28T14:52:12.941Z|Kensington Market
6|CN Tower EdgeWalk|Experience the world's highest hands-free walk on a 5 ft wide ledge encircling the top of the CN Tower's main pod.|4|145|3|12|adventure,thrill,outdoor,unique|https://www.cntower.ca/en-ca/plan-your-visit/attractions/edgewalk.html|2025-05-01|2025-10-31|2025-05-28T14:52:12.941Z|Entertainment District
7|Royal Ontario Museum|Discover world culture and natural history through extensive collections of dinosaurs, minerals, and international artifacts.|1|136|2|12|museum,education,indoor,family-friendly|https://www.rom.on.ca|2025-01-01|2025-12-31|2025-05-28T14:52:12.941Z|Yorkville
8|Distillery District Art Galleries|Wander through the historic Victorian industrial architecture while exploring art galleries, boutiques, and cafes.|1|119|1|12|art,history,walking,free|https://www.thedistillerydistrict.com|2025-01-01|2025-12-31|2025-05-28T14:52:12.941Z|Distillery District
9|Toronto Waterfront Trail Cycling|Bike along the Martin Goodman Trail offering stunning lake views and connecting multiple waterfront parks and beaches.|3|111|1|12|cycling,outdoor,active,free|https://waterfronttrail.org|2025-04-01|2025-10-31|2025-05-28T14:52:12.941Z|Waterfront
10|Yorkville Shopping Experience|Explore Toronto's most upscale shopping district featuring luxury brands, boutiques, and art galleries.|6|93|3|12|shopping,luxury,fashion|https://bloor-yorkville.com|2025-01-01|2025-12-31|2025-05-28T14:52:12.941Z|Yorkville
11|Hockey Hall of Fame|Celebrate Canada's national sport at this historic site featuring interactive exhibits and the Stanley Cup.|5|152|2|12|sports,history,indoor,family-friendly|https://www.hhof.com|2025-01-01|2025-12-31|2025-05-28T14:52:12.941Z|Financial District
12|Graffiti Alley Tour|Discover Toronto's street art scene in this kilometer-long alley featuring colorful murals and urban art.|8|134|1|12|art,culture,walking,photography,free|https://www.toronto.ca/explore-enjoy/history-art-culture/street-art/|2025-01-01|2025-12-31|2025-05-28T14:52:12.941Z|Queen West
13|Casa Loma Castle|Explore Toronto's majestic castle featuring Gothic Revival architecture, beautiful gardens, and seasonal events.|1|92|2|12|history,architecture,garden,family-friendly|https://casaloma.ca|2025-01-01|2025-12-31|2025-05-28T14:52:12.941Z|Casa Loma
14|Toronto Harbourfront Centre|Visit this cultural hub offering year-round programming including festivals, exhibitions, and performances.|1|142|1|12|culture,events,waterfront,free|https://www.harbourfrontcentre.com|2025-01-01|2025-12-31|2025-05-28T14:52:12.941Z|Harbourfront
15|Rogers Centre Baseball Game|Watch the Toronto Blue Jays play in this iconic stadium with a retractable roof.|5|164|6|12|sports,entertainment,family-friendly|https://www.mlb.com/bluejays|2025-04-01|2025-09-30|2025-05-28T14:52:12.941Z|Entertainment District
16|Allan Gardens Conservatory|Explore this historic botanical garden featuring six greenhouses with tropical plants and seasonal flower shows.|3|127|1|12|nature,garden,indoor,free|https://www.toronto.ca/explore-enjoy/parks-gardens-beaches/gardens-and-horticulture/conservatories/allan-gardens-conservatory/|2025-01-01|2025-12-31|2025-05-28T14:52:12.941Z|Garden District
17|Scotiabank Arena Event|Catch a Maple Leafs hockey game, Raptors basketball game, or major concert at Toronto's premier sports and entertainment venue.|4|165|3|12|sports,entertainment,indoor|https://www.scotiabankarena.com|2025-01-01|2025-12-31|2025-05-28T14:52:12.941Z|Entertainment District
18|Toronto Botanical Garden|Discover 17 themed gardens spanning nearly four acres with free admission and guided tours available.|3|121|1|12|nature,garden,outdoor,free|https://torontobotanicalgarden.ca|2025-04-01|2025-10-31|2025-05-28T14:52:12.941Z|North York
19|The Second City Comedy Show|Experience live improv and sketch comedy at this legendary comedy club that launched many famous careers.|4|96|5|12|comedy,entertainment,nightlife|https://www.secondcity.com/toronto|2025-01-01|2025-12-31|2025-05-28T14:52:12.941Z|Entertainment District
20|Bata Shoe Museum|Explore the world's largest collection of shoes and footwear-related artifacts in this unique museum.|1|166|2|12|museum,fashion,unique,indoor|https://batashoemuseum.ca|2025-01-01|2025-12-31|2025-05-28T14:52:12.941Z|Yorkville
21|Old Montreal Walking Tour|Discover the historic heart of Montreal with its cobblestone streets, historic architecture, and charming cafes.|8|201|5|12|history,walking,guided-tour|https://www.vieuxmontreal.ca|2025-01-01|2025-12-31|2025-05-28T14:52:12.941Z|Old Montreal
22|Mount Royal Park Exploration|Hike to the summit of Montreal's iconic mountain for panoramic city views and explore its vast green spaces.|3|202|1|12|outdoor,hiking,photography,free|https://www.lemontroyal.qc.ca|2025-01-01|2025-12-31|2025-05-28T14:52:12.941Z|Montreal
23|Montreal Museum of Fine Arts|Visit Canada's oldest art museum featuring an extensive collection of international and Canadian art.|1|203|2|12|art,culture,indoor,rainy-day|https://www.mbam.qc.ca|2025-01-01|2025-12-31|2025-05-28T14:52:12.941Z|Montreal
24|Jean-Talon Market Visit|Experience one of North America's largest open-air markets with local produce, flowers, and specialty foods.|2|204|1|12|food,shopping,outdoor,local|https://www.marchespublics-mtl.com/en/marches/jean-talon-market/|2025-01-01|2025-12-31|2025-05-28T14:52:12.941Z|Montreal
25|Gay Village Exploration|Explore Montreal's vibrant LGBTQ+ neighborhood known for its restaurants, bars, and summer pedestrian street.|7|205|1|12|nightlife,culture,walking,gay-friendly|https://www.mtl.org/en/what-to-do/heritage-and-architecture/village-montreal|2025-05-01|2025-09-30|2025-05-28T14:52:12.941Z|Montreal
26|Notre-Dame Basilica Tour|Marvel at the stunning Gothic Revival architecture and intricate interior of this historic basilica.|1|206|2|12|architecture,history,indoor,guided-tour|https://www.basiliquenotredame.ca/en|2025-01-01|2025-12-31|2025-05-28T14:52:12.941Z|Montreal
27|Plateau Mont-Royal Food Tour|Discover Montreal's culinary scene through its most creative neighborhood's restaurants and cafes.|2|207|6|12|food,walking,culture,guided-tour|https://www.mtl.org/en/what-to-do/heritage-and-architecture/plateau-mont-royal-montreal|2025-01-01|2025-12-31|2025-05-28T14:52:12.941Z|Plateau Mont-Royal
28|Montreal Botanical Garden|Explore 75 hectares of themed gardens, including the stunning Chinese and Japanese gardens.|3|208|2|12|nature,garden,outdoor,family-friendly|https://espacepourlavie.ca/en/botanical-garden|2025-04-01|2025-10-31|2025-05-28T14:52:12.941Z|Montreal
29|Biodome Experience|Journey through replicas of four ecosystems found in the Americas with diverse wildlife and plant species.|1|209|2|12|nature,science,indoor,family-friendly|https://espacepourlavie.ca/en/biodome|2025-01-01|2025-12-31|2025-05-28T14:52:12.941Z|Montreal
30|Mile End Food & Art Tour|Experience Montreal's hippest neighborhood known for iconic bagel shops, cafes, and artist studios.|8|210|6|12|food,art,walking,culture|https://www.mtl.org/en/what-to-do/heritage-and-architecture/mile-end-montreal|2025-01-01|2025-12-31|2025-05-28T14:52:12.941Z|Mile End
31|Ripley's Aquarium of Canada|Immerse yourself in underwater galleries featuring over 20,000 aquatic animals and interactive exhibits.|1|167|2|12|aquarium,indoor,family-friendly|https://www.ripleyaquariums.com/canada|2025-01-01|2025-12-31|2025-05-28T14:52:12.941Z|Entertainment District
32|Toronto Jazz Festival|Experience world-class jazz performances across various venues in the heart of downtown Toronto.|4|168|4|12|music,entertainment,culture,seasonal|https://torontojazz.com|2025-06-20|2025-06-29|2025-05-28T14:52:12.941Z|Downtown Toronto
33|Evergreen Brick Works|Visit this former quarry turned environmental center featuring farmers' markets, hiking trails, and sustainable initiatives.|3|169|1|12|nature,market,outdoor,eco-friendly|https://www.evergreen.ca/evergreen-brick-works|2025-01-01|2025-12-31|2025-05-28T14:52:12.941Z|Don Valley
34|TIFF Bell Lightbox|Catch independent and international films at the home of the Toronto International Film Festival.|4|170|5|12|film,culture,indoor,entertainment|https://www.tiff.net|2025-01-01|2025-12-31|2025-05-28T14:52:12.941Z|Entertainment District
35|Ossington Strip Bar Crawl|Experience Toronto's trendiest bars and restaurants along this hip stretch of Ossington Avenue.|7|171|4|12|nightlife,food,walking,social|https://www.blogto.com/ossington|2025-01-01|2025-12-31|2025-05-28T14:52:12.941Z|Ossington Strip
36|Montreal Casino|Try your luck at Quebec's largest casino, featuring gaming tables, slots, and entertainment in an architectural landmark.|4|211|1|12|gambling,entertainment,nightlife|https://casinos.lotoquebec.com/en/montreal|2025-01-01|2025-12-31|2025-05-28T14:52:12.941Z|Montreal
37|La Ronde Amusement Park|Enjoy thrilling rides and spectacular views at Montreal's premier amusement park on Saint Helen's Island.|4|212|6|12|thrill,outdoor,family-friendly,seasonal|https://www.laronde.com|2025-05-01|2025-10-31|2025-05-28T14:52:12.941Z|Montreal
38|Atwater Market|Visit this historic Art Deco market building filled with local vendors, fresh produce, and specialty food shops.|2|213|1|12|food,shopping,indoor,local|https://www.marchespublics-mtl.com/en/marches/atwater-market/|2025-01-01|2025-12-31|2025-05-28T14:52:12.941Z|Saint-Henri
39|Saint Joseph's Oratory|Explore North America's largest church, offering breathtaking views and impressive architecture.|1|214|1|12|architecture,spiritual,photography,free|https://www.saint-joseph.org|2025-01-01|2025-12-31|2025-05-28T14:52:12.941Z|Montreal
40|Underground City Shopping|Navigate Montreal's famous underground pedestrian network connecting shopping malls, offices, and metro stations.|6|215|1|12|shopping,indoor,unique,winter-activity|https://montrealundergroundcity.com|2025-01-01|2025-12-31|2025-05-28T14:52:12.941Z|Downtown Montreal
41|Toronto Food Festival|Celebrate Toronto's diverse culinary scene with food vendors, cooking demonstrations, and cultural performances.|2|172|4|12|food,festival,outdoor,seasonal|https://www.toronto.ca/explore-enjoy/festivals-events/|2025-07-15|2025-07-21|2025-05-28T14:52:12.941Z|Downtown Toronto
42|Montreal Jazz Festival|Experience the world's largest jazz festival with hundreds of performances across multiple venues.|4|216|4|12|music,festival,outdoor,culture|https://www.montrealjazzfest.com|2025-06-26|2025-07-05|2025-05-28T14:52:12.941Z|Downtown Montreal
43|Toronto Night Market|Explore an evening market featuring local artisans, street food, and live entertainment.|2|173|1|12|food,market,nightlife,culture|https://www.toronto.ca/explore-enjoy/festivals-events/night-markets/|2025-07-01|2025-09-30|2025-05-28T14:52:12.941Z|Downtown Toronto
44|Montreal Ice Skating|Glide across outdoor rinks in the heart of the city with stunning urban backdrops.|3|217|5|12|winter,outdoor,active,seasonal|https://www.mtl.org/en/what-to-do/activities/outdoor-skating-rinks-montreal|2025-12-01|2026-03-15|2025-05-28T14:52:12.941Z|Downtown Montreal
45|Toronto Craft Beer Tour|Sample the city's best craft breweries while learning about the brewing process and history.|7|174|6|12|beer,guided-tour,nightlife,local|https://www.torontocraftbrewtours.ca|2025-01-01|2025-12-31|2025-05-28T14:52:12.941Z|West Toronto
46|Toronto Escape Room Challenge|Test your problem-solving skills in one of Toronto's top-rated escape room experiences.|4|175|2|12|indoor,puzzle,group-activity,entertainment|https://www.escapegames.ca|2025-01-01|2025-12-31|2025-05-28T14:52:12.941Z|Downtown Toronto
47|Montreal Food Truck Festival|Sample diverse cuisines from Montreal's best food trucks at this popular outdoor event.|2|218|1|12|food,festival,outdoor,summer|https://www.firstfoodtruckfridays.com|2025-07-12|2025-07-14|2025-05-28T14:52:12.941Z|Downtown Montreal
48|Toronto Sunset Sailing|Experience Toronto's skyline from the water with a relaxing evening sail on Lake Ontario.|3|176|5|12|water-activity,romantic,outdoor,sunset|https://www.harbourfrontcentre.com/sailing|2025-05-01|2025-09-30|2025-05-28T14:52:12.941Z|Harbourfront
49|Montreal Ghost Tour|Discover the spooky side of Old Montreal with tales of haunted locations and historical mysteries.|8|219|2|12|ghost-tour,history,walking,nighttime|https://www.ghosttoursofmontreal.com|2025-01-01|2025-12-31|2025-05-28T14:52:12.941Z|Old Montreal
50|Toronto Pottery Workshop|Learn the art of ceramics in a hands-on workshop with experienced local artists.|1|177|3|12|art,workshop,creative,indoor|https://www.gardinermuseum.on.ca/learn-create|2025-01-01|2025-12-31|2025-05-28T14:52:12.941Z|Yorkville
51|Montreal Chocolate Making Class|Create your own artisanal chocolates while learning from master chocolatiers.|2|220|4|12|food,workshop,indoor,hands-on|https://www.chocolateacademymontreal.com|2025-01-01|2025-12-31|2025-05-28T14:52:12.941Z|Downtown Montreal
52|Toronto Rock Climbing|Challenge yourself at one of Toronto's premier indoor climbing facilities.|3|178|2|12|indoor-sports,active,fitness,adventure|https://www.joerockhead.com|2025-01-01|2025-12-31|2025-05-28T14:52:12.941Z|Liberty Village
53|Montreal Street Art Workshop|Learn spray painting techniques from local artists in this hands-on street art experience.|1|221|3|12|art,workshop,creative,outdoor|https://www.spadeandpalacio.com/tours/montreal-street-art|2025-05-01|2025-09-30|2025-05-28T14:52:12.941Z|Plateau Mont-Royal
54|Toronto Cooking Class|Master the art of international cuisine with expert chefs in a professional kitchen setting.|2|179|4|12|cooking,workshop,food,hands-on|https://www.dishcookingstudio.com|2025-01-01|2025-12-31|2025-05-28T14:52:12.941Z|King West
55|Montreal Wine Tasting|Sample fine wines from Quebec and around the world with expert sommeliers.|7|222|5|12|wine,tasting,indoor,educational|https://www.mtlwinepros.com|2025-01-01|2025-12-31|2025-05-28T14:52:12.941Z|Downtown Montreal
56|Toronto Photography Tour|Capture the city's most photogenic locations with guidance from professional photographers.|8|180|3|12|photography,walking,creative,outdoor|https://www.torontophototours.com|2025-04-01|2025-10-31|2025-05-28T14:52:12.941Z|Downtown Toronto
57|Montreal Circus Workshop|Try aerial arts and acrobatics in a beginner-friendly circus skills class.|4|223|4|12|circus,workshop,active,unique|https://www.ecolenationale.ca/en|2025-01-01|2025-12-31|2025-05-28T14:52:12.941Z|Saint-Michel
58|Toronto Kayaking Adventure|Paddle through the Toronto Islands and discover hidden lagoons and channels.|3|181|3|12|water-sports,outdoor,active,adventure|https://www.torontoislandkayaks.com|2025-05-01|2025-09-30|2025-05-28T14:52:12.941Z|Toronto Islands
59|Montreal Beer Festival|Taste craft beers from Quebec's best breweries at this annual celebration.|7|224|4|12|beer,festival,tasting,outdoor|https://www.festivalmondialbiere.qc.ca|2025-06-19|2025-06-23|2025-05-28T14:52:12.941Z|Downtown Montreal
60|Toronto Silent Disco|Dance to your own beat at this unique headphone party experience.|4|182|2|12|nightlife,music,unique,indoor|https://www.silentdiscoto.com|2025-01-01|2025-12-31|2025-05-28T14:52:12.941Z|Entertainment District
